Time: 13487, Behaviour: 1, Fault: 6, n/a,3, DIAGNOSED ,Time Taken,13, ELLIGIBLE,,
Time: 14150, Behaviour: 1, Fault: 1, n/a,1, DIAGNOSED ,Time Taken,12, ELLIGIBLE,,
Time: 14764, Behaviour: 1, Fault: 4, n/a,4, DIAGNOSED ,Time Taken,116, ELLIGIBLE,,
Time: 15646, Behaviour: 3, Fault: 4, n/a,4, DIAGNOSED ,Time Taken,116, ELLIGIBLE,1,
Time: 20151, Behaviour: 3, Fault: 1, n/a,1, DIAGNOSED ,Time Taken,12, ELLIGIBLE,1,
Time: 34188, Behaviour: 2, Fault: 1, n/a,1, DIAGNOSED ,Time Taken,214, ELLIGIBLE,1,
Time: 35179, Behaviour: 3, Fault: 1, n/a,1, DIAGNOSED ,Time Taken,12, ELLIGIBLE,1,
Time: 7131, Behaviour: 1, Fault: 1, n/a,1, DIAGNOSED ,Time Taken,13, ELLIGIBLE,,
Time: 11585, Behaviour: 1, Fault: 1, n/a,1, DIAGNOSED ,Time Taken,12, ELLIGIBLE,,
Time: 12229, Behaviour: 1, Fault: 1, n/a,1, DIAGNOSED ,Time Taken,89, ELLIGIBLE,,
Time: 19442, Behaviour: 3, Fault: 4, n/a,4, DIAGNOSED ,Time Taken,116, ELLIGIBLE,1,
Time: 21256, Behaviour: 3, Fault: 1, n/a,1, DIAGNOSED ,Time Taken,12, ELLIGIBLE,1,
Time: 26144, Behaviour: 1, Fault: 6, n/a,3, DIAGNOSED ,Time Taken,747, ELLIGIBLE,,
Time: 5919, Behaviour: 1, Fault: 4, n/a,4, DIAGNOSED ,Time Taken,169, ELLIGIBLE,1,
Time: 17568, Behaviour: 3, Fault: 1, n/a,1, DIAGNOSED ,Time Taken,12, ELLIGIBLE,1,
Time: 20728, Behaviour: 3, Fault: 4, n/a,4, DIAGNOSED ,Time Taken,129, ELLIGIBLE,1,
Time: 26703, Behaviour: 1, Fault: 6, n/a,3, DIAGNOSED ,Time Taken,316, ELLIGIBLE,,
Time: 29568, Behaviour: 1, Fault: 4, n/a,4, DIAGNOSED ,Time Taken,116, ELLIGIBLE,,
Time: 10323, Behaviour: 1, Fault: 4, n/a,4, DIAGNOSED ,Time Taken,101, ELLIGIBLE,,
Time: 20539, Behaviour: 3, Fault: 1, n/a,1, DIAGNOSED ,Time Taken,23, ELLIGIBLE,1,
Time: 15988, Behaviour: 3, Fault: 4, n/a,4, DIAGNOSED ,Time Taken,116, ELLIGIBLE,1,
Time: 16767, Behaviour: 3, Fault: 6, n/a,3, DIAGNOSED ,Time Taken,13, ELLIGIBLE,,
Time: 25352, Behaviour: 1, Fault: 1, n/a,1, DIAGNOSED ,Time Taken,12, ELLIGIBLE,1,
Time: 27369, Behaviour: 1, Fault: 1, n/a,1, DIAGNOSED ,Time Taken,12, ELLIGIBLE,,
Time: 3872, Behaviour: 2, Fault: 1, n/a,1, DIAGNOSED ,Time Taken,12, ELLIGIBLE,,
Time: 11719, Behaviour: 1, Fault: 1, n/a,1, DIAGNOSED ,Time Taken,12, ELLIGIBLE,,
Time: 14132, Behaviour: 1, Fault: 4, n/a,4, DIAGNOSED ,Time Taken,117, ELLIGIBLE,,
Time: 21820, Behaviour: 3, Fault: 1, n/a,1, DIAGNOSED ,Time Taken,12, ELLIGIBLE,1,
Time: 22656, Behaviour: 3, Fault: 1, n/a,1, DIAGNOSED ,Time Taken,21, ELLIGIBLE,,
Time: 24251, Behaviour: 3, Fault: 1, n/a,1, DIAGNOSED ,Time Taken,12, ELLIGIBLE,,
Time: 25784, Behaviour: 1, Fault: 2, n/a,2, DIAGNOSED ,Time Taken,11, ELLIGIBLE,,1
Time: 33084, Behaviour: 2, Fault: 1, n/a,1, DIAGNOSED ,Time Taken,12, ELLIGIBLE,1,
Time: 26312, Behaviour: 1, Fault: 1, n/a,1, DIAGNOSED ,Time Taken,12, ELLIGIBLE,1,
Time: 29286, Behaviour: 1, Fault: 1, n/a,1, DIAGNOSED ,Time Taken,12, ELLIGIBLE,,
Time: 26801, Behaviour: 1, Fault: 1, n/a,1, DIAGNOSED ,Time Taken,13, ELLIGIBLE,,
Time: 27827, Behaviour: 1, Fault: 1, n/a,1, DIAGNOSED ,Time Taken,12, ELLIGIBLE,,
Time: 13142, Behaviour: 1, Fault: 1, n/a,1, DIAGNOSED ,Time Taken,47, ELLIGIBLE,,
Time: 25694, Behaviour: 1, Fault: 1, n/a,1, DIAGNOSED ,Time Taken,12, ELLIGIBLE,,
Time: 6555, Behaviour: 1, Fault: 1, n/a,1, DIAGNOSED ,Time Taken,50, ELLIGIBLE,,
Time: 10526, Behaviour: 1, Fault: 6, n/a,3, DIAGNOSED ,Time Taken,13, ELLIGIBLE,,
Time: 30353, Behaviour: 2, Fault: 4, n/a,4, DIAGNOSED ,Time Taken,116, ELLIGIBLE,1,
Time: 32487, Behaviour: 2, Fault: 1, n/a,1, DIAGNOSED ,Time Taken,18, ELLIGIBLE,1,
Time: 10753, Behaviour: 1, Fault: 4, n/a,4, DIAGNOSED ,Time Taken,116, ELLIGIBLE,,
Time: 11548, Behaviour: 1, Fault: 4, n/a,4, DIAGNOSED ,Time Taken,116, ELLIGIBLE,,
Time: 13761, Behaviour: 1, Fault: 1, n/a,1, DIAGNOSED ,Time Taken,86, ELLIGIBLE,,
Time: 18098, Behaviour: 3, Fault: 6, n/a,3, DIAGNOSED ,Time Taken,49, ELLIGIBLE,1,
Time: 19652, Behaviour: 3, Fault: 1, n/a,1, DIAGNOSED ,Time Taken,12, ELLIGIBLE,,
Time: 28461, Behaviour: 1, Fault: 6, n/a,3, DIAGNOSED ,Time Taken,13, ELLIGIBLE,,
Time: 3154, Behaviour: 2, Fault: 6, n/a,3, DIAGNOSED ,Time Taken,18, ELLIGIBLE,,
Time: 13116, Behaviour: 1, Fault: 1, n/a,1, DIAGNOSED ,Time Taken,12, ELLIGIBLE,,
Time: 18283, Behaviour: 3, Fault: 4, n/a,4, DIAGNOSED ,Time Taken,116, ELLIGIBLE,1,
Time: 23330, Behaviour: 3, Fault: 6, n/a,3, DIAGNOSED ,Time Taken,38, ELLIGIBLE,,
Time: 31241, Behaviour: 2, Fault: 1, n/a,1, DIAGNOSED ,Time Taken,12, ELLIGIBLE,1,
Time: 8198, Behaviour: 1, Fault: 4, n/a,4, DIAGNOSED ,Time Taken,281, ELLIGIBLE,1,
Time: 13353, Behaviour: 1, Fault: 1, n/a,1, DIAGNOSED ,Time Taken,12, ELLIGIBLE,,
Time: 15290, Behaviour: 3, Fault: 6, n/a,3, DIAGNOSED ,Time Taken,13, ELLIGIBLE,1,
Time: 28139, Behaviour: 1, Fault: 5, n/a,5, DIAGNOSED ,Time Taken,166, ELLIGIBLE,,1
Time: 32556, Behaviour: 2, Fault: 1, n/a,1, DIAGNOSED ,Time Taken,12, ELLIGIBLE,1,
Time: 7273, Behaviour: 1, Fault: 1, n/a,1, DIAGNOSED ,Time Taken,60, ELLIGIBLE,1,
Time: 10676, Behaviour: 1, Fault: 1, n/a,1, DIAGNOSED ,Time Taken,12, ELLIGIBLE,,
Time: 21655, Behaviour: 3, Fault: 1, n/a,1, DIAGNOSED ,Time Taken,12, ELLIGIBLE,,
Time: 25254, Behaviour: 1, Fault: 1, n/a,1, DIAGNOSED ,Time Taken,12, ELLIGIBLE,,
Time: 7052, Behaviour: 1, Fault: 1, n/a,1, DIAGNOSED ,Time Taken,12, ELLIGIBLE,1,
Time: 8461, Behaviour: 1, Fault: 1, n/a,1, DIAGNOSED ,Time Taken,12, ELLIGIBLE,,
Time: 30495, Behaviour: 2, Fault: 1, n/a,1, DIAGNOSED ,Time Taken,12, ELLIGIBLE,,
Time: 1278, Behaviour: 2, Fault: 1, n/a,1, DIAGNOSED ,Time Taken,225, ELLIGIBLE,,
Time: 13194, Behaviour: 1, Fault: 6, n/a,3, DIAGNOSED ,Time Taken,292, ELLIGIBLE,1,
Time: 16234, Behaviour: 3, Fault: 1, n/a,1, DIAGNOSED ,Time Taken,12, ELLIGIBLE,1,
Time: 33536, Behaviour: 2, Fault: 1, n/a,1, DIAGNOSED ,Time Taken,16, ELLIGIBLE,1,
Time: 5524, Behaviour: 1, Fault: 1, n/a,1, DIAGNOSED ,Time Taken,12, ELLIGIBLE,1,
Time: 9073, Behaviour: 1, Fault: 4, n/a,4, DIAGNOSED ,Time Taken,116, ELLIGIBLE,,
Time: 16639, Behaviour: 3, Fault: 1, n/a,1, DIAGNOSED ,Time Taken,12, ELLIGIBLE,1,
Time: 22446, Behaviour: 3, Fault: 1, n/a,1, DIAGNOSED ,Time Taken,12, ELLIGIBLE,,
Time: 27643, Behaviour: 1, Fault: 1, n/a,1, DIAGNOSED ,Time Taken,12, ELLIGIBLE,1,
Time: 4596, Behaviour: 2, Fault: 1, n/a,1, DIAGNOSED ,Time Taken,12, ELLIGIBLE,,
Time: 5946, Behaviour: 1, Fault: 4, n/a,4, DIAGNOSED ,Time Taken,116, ELLIGIBLE,1,
Time: 15492, Behaviour: 3, Fault: 6, n/a,3, DIAGNOSED ,Time Taken,14, ELLIGIBLE,1,
Time: 19274, Behaviour: 3, Fault: 6, n/a,3, DIAGNOSED ,Time Taken,13, ELLIGIBLE,,
Time: 31477, Behaviour: 2, Fault: 1, n/a,1, DIAGNOSED ,Time Taken,12, ELLIGIBLE,1,
Time: 34580, Behaviour: 2, Fault: 1, n/a,1, DIAGNOSED ,Time Taken,12, ELLIGIBLE,,
Time: 13136, Behaviour: 1, Fault: 6, n/a,3, DIAGNOSED ,Time Taken,28, ELLIGIBLE,,
Time: 17798, Behaviour: 3, Fault: 4, n/a,4, DIAGNOSED ,Time Taken,116, ELLIGIBLE,1,
Time: 31868, Behaviour: 2, Fault: 1, n/a,1, DIAGNOSED ,Time Taken,12, ELLIGIBLE,1,
Time: 10352, Behaviour: 1, Fault: 1, n/a,1, DIAGNOSED ,Time Taken,12, ELLIGIBLE,,
Time: 19673, Behaviour: 3, Fault: 4, n/a,4, DIAGNOSED ,Time Taken,116, ELLIGIBLE,1,
Time: 22550, Behaviour: 3, Fault: 1, n/a,1, DIAGNOSED ,Time Taken,12, ELLIGIBLE,1,
Time: 3393, Behaviour: 2, Fault: 1, n/a,1, DIAGNOSED ,Time Taken,12, ELLIGIBLE,,
Time: 7654, Behaviour: 1, Fault: 1, n/a,1, DIAGNOSED ,Time Taken,12, ELLIGIBLE,1,
Time: 13423, Behaviour: 1, Fault: 1, n/a,1, DIAGNOSED ,Time Taken,12, ELLIGIBLE,,
Time: 17578, Behaviour: 3, Fault: 4, n/a,4, DIAGNOSED ,Time Taken,175, ELLIGIBLE,1,
Time: 19287, Behaviour: 3, Fault: 1, n/a,1, DIAGNOSED ,Time Taken,12, ELLIGIBLE,1,
Time: 22252, Behaviour: 3, Fault: 1, n/a,1, DIAGNOSED ,Time Taken,12, ELLIGIBLE,,
Time: 27287, Behaviour: 1, Fault: 6, n/a,3, DIAGNOSED ,Time Taken,305, ELLIGIBLE,,
Time: 5384, Behaviour: 1, Fault: 1, n/a,1, DIAGNOSED ,Time Taken,12, ELLIGIBLE,1,
Time: 5998, Behaviour: 1, Fault: 4, n/a,4, DIAGNOSED ,Time Taken,116, ELLIGIBLE,1,
Time: 6806, Behaviour: 1, Fault: 1, n/a,1, DIAGNOSED ,Time Taken,31, ELLIGIBLE,,
Time: 24546, Behaviour: 3, Fault: 1, n/a,1, DIAGNOSED ,Time Taken,24, ELLIGIBLE,,
Time: 27188, Behaviour: 1, Fault: 1, n/a,1, DIAGNOSED ,Time Taken,69, ELLIGIBLE,1,
Time: 32095, Behaviour: 2, Fault: 6, n/a,3, DIAGNOSED ,Time Taken,116, ELLIGIBLE,1,
Time: 34721, Behaviour: 2, Fault: 6, n/a,3, DIAGNOSED ,Time Taken,13, ELLIGIBLE,,
Time: 6758, Behaviour: 1, Fault: 6, n/a,3, DIAGNOSED ,Time Taken,13, ELLIGIBLE,1,
Time: 7573, Behaviour: 1, Fault: 1, n/a,1, DIAGNOSED ,Time Taken,14, ELLIGIBLE,1,
Time: 8212, Behaviour: 1, Fault: 4, n/a,4, DIAGNOSED ,Time Taken,116, ELLIGIBLE,1,
Time: 20742, Behaviour: 3, Fault: 4, n/a,4, DIAGNOSED ,Time Taken,116, ELLIGIBLE,1,
Time: 25880, Behaviour: 1, Fault: 4, n/a,4, DIAGNOSED ,Time Taken,116, ELLIGIBLE,1,
Time: 8397, Behaviour: 1, Fault: 4, n/a,4, DIAGNOSED ,Time Taken,116, ELLIGIBLE,1,
Time: 17576, Behaviour: 3, Fault: 1, n/a,1, DIAGNOSED ,Time Taken,27, ELLIGIBLE,1,
Time: 23954, Behaviour: 3, Fault: 1, n/a,1, DIAGNOSED ,Time Taken,12, ELLIGIBLE,,
Time: 2122, Behaviour: 2, Fault: 1, n/a,1, DIAGNOSED ,Time Taken,12, ELLIGIBLE,,
Time: 5478, Behaviour: 1, Fault: 1, n/a,1, DIAGNOSED ,Time Taken,12, ELLIGIBLE,1,
Time: 7058, Behaviour: 1, Fault: 1, n/a,1, DIAGNOSED ,Time Taken,13, ELLIGIBLE,,
Time: 19188, Behaviour: 3, Fault: 1, n/a,1, DIAGNOSED ,Time Taken,12, ELLIGIBLE,,
Time: 23117, Behaviour: 3, Fault: 1, n/a,1, DIAGNOSED ,Time Taken,12, ELLIGIBLE,,
Time: 25278, Behaviour: 1, Fault: 6, n/a,3, DIAGNOSED ,Time Taken,159, ELLIGIBLE,1,
Time: 31424, Behaviour: 2, Fault: 1, n/a,1, DIAGNOSED ,Time Taken,12, ELLIGIBLE,1,
Time: 33639, Behaviour: 2, Fault: 6, n/a,3, DIAGNOSED ,Time Taken,13, ELLIGIBLE,1,
Time: 7795, Behaviour: 1, Fault: 1, n/a,1, DIAGNOSED ,Time Taken,13, ELLIGIBLE,,
Time: 12982, Behaviour: 1, Fault: 4, n/a,4, DIAGNOSED ,Time Taken,129, ELLIGIBLE,,
Time: 18902, Behaviour: 3, Fault: 6, n/a,3, DIAGNOSED ,Time Taken,16, ELLIGIBLE,1,
Time: 32513, Behaviour: 2, Fault: 1, n/a,1, DIAGNOSED ,Time Taken,12, ELLIGIBLE,1,
Time: 8818, Behaviour: 1, Fault: 1, n/a,1, DIAGNOSED ,Time Taken,12, ELLIGIBLE,1,
Time: 9551, Behaviour: 1, Fault: 1, n/a,1, DIAGNOSED ,Time Taken,13, ELLIGIBLE,,
Time: 15609, Behaviour: 3, Fault: 4, n/a,4, DIAGNOSED ,Time Taken,116, ELLIGIBLE,1,
Time: 16427, Behaviour: 3, Fault: 6, n/a,3, DIAGNOSED ,Time Taken,13, ELLIGIBLE,1,
Time: 17642, Behaviour: 3, Fault: 1, n/a,1, DIAGNOSED ,Time Taken,13, ELLIGIBLE,1,
Time: 22445, Behaviour: 3, Fault: 6, n/a,3, DIAGNOSED ,Time Taken,187, ELLIGIBLE,,
Time: 32088, Behaviour: 2, Fault: 1, n/a,1, DIAGNOSED ,Time Taken,35, ELLIGIBLE,1,
Time: 5865, Behaviour: 1, Fault: 1, n/a,1, DIAGNOSED ,Time Taken,12, ELLIGIBLE,1,
Time: 23908, Behaviour: 3, Fault: 6, n/a,3, DIAGNOSED ,Time Taken,173, ELLIGIBLE,,
Time: 16134, Behaviour: 3, Fault: 4, n/a,4, DIAGNOSED ,Time Taken,116, ELLIGIBLE,1,
Time: 16870, Behaviour: 3, Fault: 1, n/a,1, DIAGNOSED ,Time Taken,12, ELLIGIBLE,1,
Time: 20579, Behaviour: 3, Fault: 1, n/a,1, DIAGNOSED ,Time Taken,12, ELLIGIBLE,,
Time: 23581, Behaviour: 3, Fault: 6, n/a,3, DIAGNOSED ,Time Taken,26, ELLIGIBLE,,
Time: 28555, Behaviour: 1, Fault: 1, n/a,1, DIAGNOSED ,Time Taken,13, ELLIGIBLE,,
Time: 6282, Behaviour: 1, Fault: 1, n/a,1, DIAGNOSED ,Time Taken,14, ELLIGIBLE,1,
Time: 6896, Behaviour: 1, Fault: 1, n/a,1, DIAGNOSED ,Time Taken,12, ELLIGIBLE,,
Time: 9833, Behaviour: 1, Fault: 1, n/a,1, DIAGNOSED ,Time Taken,13, ELLIGIBLE,,
Time: 15398, Behaviour: 3, Fault: 1, n/a,1, DIAGNOSED ,Time Taken,12, ELLIGIBLE,1,
Time: 21046, Behaviour: 3, Fault: 6, n/a,3, DIAGNOSED ,Time Taken,13, ELLIGIBLE,1,
Time: 21664, Behaviour: 3, Fault: 4, n/a,4, DIAGNOSED ,Time Taken,124, ELLIGIBLE,1,
Time: 24316, Behaviour: 3, Fault: 6, n/a,6, DIAGNOSED ,Time Taken,518, ELLIGIBLE,,
Time: 34026, Behaviour: 2, Fault: 1, n/a,1, DIAGNOSED ,Time Taken,12, ELLIGIBLE,1,
Time: 8509, Behaviour: 1, Fault: 1, n/a,1, DIAGNOSED ,Time Taken,12, ELLIGIBLE,,
Time: 19784, Behaviour: 3, Fault: 1, n/a,1, DIAGNOSED ,Time Taken,21, ELLIGIBLE,1,
Time: 8176, Behaviour: 1, Fault: 6, n/a,3, DIAGNOSED ,Time Taken,13, ELLIGIBLE,,
Time: 17515, Behaviour: 3, Fault: 4, n/a,4, DIAGNOSED ,Time Taken,116, ELLIGIBLE,1,
Time: 21923, Behaviour: 3, Fault: 6, n/a,3, DIAGNOSED ,Time Taken,19, ELLIGIBLE,,
Time: 25379, Behaviour: 1, Fault: 1, n/a,1, DIAGNOSED ,Time Taken,12, ELLIGIBLE,1,
Time: 34417, Behaviour: 2, Fault: 1, n/a,1, DIAGNOSED ,Time Taken,12, ELLIGIBLE,1,
Time: 5363, Behaviour: 1, Fault: 1, n/a,1, DIAGNOSED ,Time Taken,18, ELLIGIBLE,1,
Time: 10717, Behaviour: 1, Fault: 1, n/a,1, DIAGNOSED ,Time Taken,12, ELLIGIBLE,,
Time: 16462, Behaviour: 3, Fault: 1, n/a,1, DIAGNOSED ,Time Taken,75, ELLIGIBLE,1,
Time: 17769, Behaviour: 3, Fault: 6, n/a,3, DIAGNOSED ,Time Taken,13, ELLIGIBLE,,
Time: 18406, Behaviour: 3, Fault: 4, n/a,4, DIAGNOSED ,Time Taken,116, ELLIGIBLE,1,
Time: 19070, Behaviour: 3, Fault: 1, n/a,1, DIAGNOSED ,Time Taken,12, ELLIGIBLE,1,
Time: 20554, Behaviour: 3, Fault: 1, n/a,1, DIAGNOSED ,Time Taken,12, ELLIGIBLE,,
Time: 34376, Behaviour: 2, Fault: 1, n/a,1, DIAGNOSED ,Time Taken,12, ELLIGIBLE,1,
Time: 34988, Behaviour: 2, Fault: 2, n/a,2, DIAGNOSED ,Time Taken,11, ELLIGIBLE,1,
Time: 11400, Behaviour: 1, Fault: 4, n/a,4, DIAGNOSED ,Time Taken,116, ELLIGIBLE,1,
Time: 14676, Behaviour: 1, Fault: 1, n/a,1, DIAGNOSED ,Time Taken,12, ELLIGIBLE,,
Time: 23374, Behaviour: 3, Fault: 6, n/a,3, DIAGNOSED ,Time Taken,234, ELLIGIBLE,,
Time: 26474, Behaviour: 1, Fault: 6, n/a,3, DIAGNOSED ,Time Taken,13, ELLIGIBLE,,
Time: 7519, Behaviour: 1, Fault: 1, n/a,1, DIAGNOSED ,Time Taken,12, ELLIGIBLE,1,
Time: 21396, Behaviour: 3, Fault: 6, n/a,3, DIAGNOSED ,Time Taken,86, ELLIGIBLE,1,
Time: 24144, Behaviour: 3, Fault: 1, n/a,1, DIAGNOSED ,Time Taken,12, ELLIGIBLE,,
Time: 35731, Behaviour: 3, Fault: 1, n/a,1, DIAGNOSED ,Time Taken,12, ELLIGIBLE,,
Time: 5219, Behaviour: 1, Fault: 4, n/a,4, DIAGNOSED ,Time Taken,151, ELLIGIBLE,1,
Time: 10957, Behaviour: 1, Fault: 1, n/a,1, DIAGNOSED ,Time Taken,12, ELLIGIBLE,1,
Time: 28234, Behaviour: 1, Fault: 1, n/a,1, DIAGNOSED ,Time Taken,13, ELLIGIBLE,1,
Time: 5319, Behaviour: 1, Fault: 1, n/a,1, DIAGNOSED ,Time Taken,12, ELLIGIBLE,,
Time: 7829, Behaviour: 1, Fault: 1, n/a,1, DIAGNOSED ,Time Taken,12, ELLIGIBLE,,
Time: 17055, Behaviour: 3, Fault: 1, n/a,1, DIAGNOSED ,Time Taken,16, ELLIGIBLE,1,
Time: 17260, Behaviour: 3, Fault: 1, n/a,1, DIAGNOSED ,Time Taken,12, ELLIGIBLE,1,
Time: 19151, Behaviour: 3, Fault: 4, n/a,4, DIAGNOSED ,Time Taken,116, ELLIGIBLE,1,
Time: 26361, Behaviour: 1, Fault: 6, n/a,6, DIAGNOSED ,Time Taken,885, ELLIGIBLE,,
Time: 24478, Behaviour: 3, Fault: 1, n/a,1, DIAGNOSED ,Time Taken,12, ELLIGIBLE,1,
Time: 26005, Behaviour: 1, Fault: 1, n/a,1, DIAGNOSED ,Time Taken,54, ELLIGIBLE,,
Time: 27497, Behaviour: 1, Fault: 4, n/a,4, DIAGNOSED ,Time Taken,238, ELLIGIBLE,1,
Time: 30691, Behaviour: 2, Fault: 6, n/a,3, DIAGNOSED ,Time Taken,39, ELLIGIBLE,1,
Time: 32365, Behaviour: 2, Fault: 6, n/a,3, DIAGNOSED ,Time Taken,14, ELLIGIBLE,,
Time: 2095, Behaviour: 2, Fault: 1, n/a,1, DIAGNOSED ,Time Taken,12, ELLIGIBLE,,
Time: 4309, Behaviour: 2, Fault: 6, n/a,6, DIAGNOSED ,Time Taken,1395, ELLIGIBLE,,
Time: 12831, Behaviour: 1, Fault: 6, n/a,3, DIAGNOSED ,Time Taken,83, ELLIGIBLE,,
Time: 16602, Behaviour: 3, Fault: 1, n/a,1, DIAGNOSED ,Time Taken,12, ELLIGIBLE,,
Time: 19635, Behaviour: 3, Fault: 1, n/a,1, DIAGNOSED ,Time Taken,13, ELLIGIBLE,,
Time: 30136, Behaviour: 2, Fault: 1, n/a,1, DIAGNOSED ,Time Taken,12, ELLIGIBLE,1,
Time: 32116, Behaviour: 2, Fault: 6, n/a,3, DIAGNOSED ,Time Taken,14, ELLIGIBLE,1,
Time: 12998, Behaviour: 1, Fault: 6, n/a,3, DIAGNOSED ,Time Taken,13, ELLIGIBLE,,
Time: 23578, Behaviour: 3, Fault: 1, n/a,1, DIAGNOSED ,Time Taken,26, ELLIGIBLE,1,
Time: 28303, Behaviour: 1, Fault: 1, n/a,1, DIAGNOSED ,Time Taken,13, ELLIGIBLE,1,
Time: 7421, Behaviour: 1, Fault: 1, n/a,1, DIAGNOSED ,Time Taken,12, ELLIGIBLE,1,
Time: 25402, Behaviour: 1, Fault: 4, n/a,4, DIAGNOSED ,Time Taken,116, ELLIGIBLE,1,
Time: 1663, Behaviour: 2, Fault: 1, n/a,1, DIAGNOSED ,Time Taken,13, ELLIGIBLE,,
Time: 10946, Behaviour: 1, Fault: 1, n/a,1, DIAGNOSED ,Time Taken,12, ELLIGIBLE,1,
Time: 14369, Behaviour: 1, Fault: 1, n/a,1, DIAGNOSED ,Time Taken,50, ELLIGIBLE,,
Time: 30102, Behaviour: 2, Fault: 4, n/a,4, DIAGNOSED ,Time Taken,116, ELLIGIBLE,1,
Time: 11475, Behaviour: 1, Fault: 1, n/a,1, DIAGNOSED ,Time Taken,13, ELLIGIBLE,,
Time: 12095, Behaviour: 1, Fault: 1, n/a,1, DIAGNOSED ,Time Taken,12, ELLIGIBLE,,
Time: 12852, Behaviour: 1, Fault: 1, n/a,1, DIAGNOSED ,Time Taken,12, ELLIGIBLE,,
Time: 15555, Behaviour: 3, Fault: 4, n/a,4, DIAGNOSED ,Time Taken,116, ELLIGIBLE,1,
Time: 16552, Behaviour: 3, Fault: 6, n/a,3, DIAGNOSED ,Time Taken,13, ELLIGIBLE,1,
Time: 28203, Behaviour: 1, Fault: 1, n/a,1, DIAGNOSED ,Time Taken,26, ELLIGIBLE,1,
Time: 8178, Behaviour: 1, Fault: 1, n/a,1, DIAGNOSED ,Time Taken,37, ELLIGIBLE,1,
Time: 20072, Behaviour: 3, Fault: 4, n/a,4, DIAGNOSED ,Time Taken,245, ELLIGIBLE,1,
Time: 27458, Behaviour: 1, Fault: 6, n/a,3, DIAGNOSED ,Time Taken,72, ELLIGIBLE,1,
Time: 35670, Behaviour: 3, Fault: 1, n/a,1, DIAGNOSED ,Time Taken,13, ELLIGIBLE,,
Time: 20370, Behaviour: 3, Fault: 1, n/a,1, DIAGNOSED ,Time Taken,12, ELLIGIBLE,,
Time: 21918, Behaviour: 3, Fault: 1, n/a,1, DIAGNOSED ,Time Taken,19, ELLIGIBLE,,
Time: 22539, Behaviour: 3, Fault: 1, n/a,1, DIAGNOSED ,Time Taken,12, ELLIGIBLE,,
Time: 32864, Behaviour: 2, Fault: 1, n/a,1, DIAGNOSED ,Time Taken,12, ELLIGIBLE,1,
Time: 33599, Behaviour: 2, Fault: 4, n/a,4, DIAGNOSED ,Time Taken,252, ELLIGIBLE,1,
Time: 35920, Behaviour: 3, Fault: 1, n/a,1, DIAGNOSED ,Time Taken,12, ELLIGIBLE,,
Time: 26840, Behaviour: 1, Fault: 1, n/a,1, DIAGNOSED ,Time Taken,12, ELLIGIBLE,1,
Time: 31561, Behaviour: 2, Fault: 1, n/a,1, DIAGNOSED ,Time Taken,12, ELLIGIBLE,,
Time: 3262, Behaviour: 2, Fault: 6, n/a,3, DIAGNOSED ,Time Taken,13, ELLIGIBLE,,
Time: 7265, Behaviour: 1, Fault: 1, n/a,1, DIAGNOSED ,Time Taken,12, ELLIGIBLE,1,
Time: 11147, Behaviour: 1, Fault: 4, n/a,4, DIAGNOSED ,Time Taken,116, ELLIGIBLE,,
Time: 14093, Behaviour: 1, Fault: 1, n/a,1, DIAGNOSED ,Time Taken,58, ELLIGIBLE,,
Time: 15953, Behaviour: 3, Fault: 4, n/a,4, DIAGNOSED ,Time Taken,186, ELLIGIBLE,1,
Time: 18585, Behaviour: 3, Fault: 1, n/a,1, DIAGNOSED ,Time Taken,12, ELLIGIBLE,1,
Time: 20911, Behaviour: 3, Fault: 6, n/a,6, DIAGNOSED ,Time Taken,1773, ELLIGIBLE,1,
Time: 29789, Behaviour: 1, Fault: 1, n/a,1, DIAGNOSED ,Time Taken,13, ELLIGIBLE,,
Time: 35506, Behaviour: 3, Fault: 1, n/a,1, DIAGNOSED ,Time Taken,15, ELLIGIBLE,,
Time: 3360, Behaviour: 2, Fault: 1, n/a,1, DIAGNOSED ,Time Taken,15, ELLIGIBLE,,
Time: 10686, Behaviour: 1, Fault: 1, n/a,1, DIAGNOSED ,Time Taken,12, ELLIGIBLE,1,
Time: 16161, Behaviour: 3, Fault: 1, n/a,1, DIAGNOSED ,Time Taken,20, ELLIGIBLE,1,
Time: 22422, Behaviour: 3, Fault: 1, n/a,1, DIAGNOSED ,Time Taken,12, ELLIGIBLE,,
Time: 24975, Behaviour: 3, Fault: 6, n/a,3, DIAGNOSED ,Time Taken,13, ELLIGIBLE,1,
Time: 27060, Behaviour: 1, Fault: 1, n/a,1, DIAGNOSED ,Time Taken,13, ELLIGIBLE,,
Time: 31937, Behaviour: 2, Fault: 4, n/a,4, DIAGNOSED ,Time Taken,116, ELLIGIBLE,1,
Time: 33663, Behaviour: 2, Fault: 2, n/a,2, DIAGNOSED ,Time Taken,11, ELLIGIBLE,,
Time: 30911, Behaviour: 2, Fault: 1, n/a,1, DIAGNOSED ,Time Taken,12, ELLIGIBLE,1,
Time: 14937, Behaviour: 1, Fault: 1, n/a,1, DIAGNOSED ,Time Taken,12, ELLIGIBLE,1,
Time: 16160, Behaviour: 3, Fault: 6, n/a,3, DIAGNOSED ,Time Taken,13, ELLIGIBLE,1,
Time: 24745, Behaviour: 3, Fault: 1, n/a,1, DIAGNOSED ,Time Taken,13, ELLIGIBLE,,
Time: 33270, Behaviour: 2, Fault: 1, n/a,1, DIAGNOSED ,Time Taken,30, ELLIGIBLE,,
Time: 5163, Behaviour: 1, Fault: 1, n/a,1, DIAGNOSED ,Time Taken,14, ELLIGIBLE,1,
Time: 14985, Behaviour: 1, Fault: 1, n/a,1, DIAGNOSED ,Time Taken,12, ELLIGIBLE,,
Time: 16804, Behaviour: 3, Fault: 4, n/a,4, DIAGNOSED ,Time Taken,318, ELLIGIBLE,1,
Time: 18498, Behaviour: 3, Fault: 6, n/a,3, DIAGNOSED ,Time Taken,13, ELLIGIBLE,1,
Time: 1763, Behaviour: 2, Fault: 1, n/a,1, DIAGNOSED ,Time Taken,12, ELLIGIBLE,,
Time: 3598, Behaviour: 2, Fault: 1, n/a,1, DIAGNOSED ,Time Taken,12, ELLIGIBLE,,
Time: 26366, Behaviour: 1, Fault: 1, n/a,1, DIAGNOSED ,Time Taken,12, ELLIGIBLE,1,
Time: 33965, Behaviour: 2, Fault: 1, n/a,1, DIAGNOSED ,Time Taken,13, ELLIGIBLE,1,
Time: 5243, Behaviour: 1, Fault: 4, n/a,4, DIAGNOSED ,Time Taken,116, ELLIGIBLE,1,
Time: 22334, Behaviour: 3, Fault: 1, n/a,1, DIAGNOSED ,Time Taken,31, ELLIGIBLE,,
Time: 34662, Behaviour: 2, Fault: 1, n/a,1, DIAGNOSED ,Time Taken,12, ELLIGIBLE,1,
Time: 35977, Behaviour: 3, Fault: 1, n/a,1, DIAGNOSED ,Time Taken,12, ELLIGIBLE,,
Time: 5637, Behaviour: 1, Fault: 1, n/a,1, DIAGNOSED ,Time Taken,12, ELLIGIBLE,1,
Time: 8870, Behaviour: 1, Fault: 4, n/a,4, DIAGNOSED ,Time Taken,117, ELLIGIBLE,1,
Time: 16885, Behaviour: 3, Fault: 1, n/a,1, DIAGNOSED ,Time Taken,12, ELLIGIBLE,1,
Time: 20512, Behaviour: 3, Fault: 1, n/a,1, DIAGNOSED ,Time Taken,12, ELLIGIBLE,,
Time: 22524, Behaviour: 3, Fault: 1, n/a,1, DIAGNOSED ,Time Taken,56, ELLIGIBLE,,
Time: 5684, Behaviour: 1, Fault: 4, n/a,4, DIAGNOSED ,Time Taken,116, ELLIGIBLE,1,
Time: 6462, Behaviour: 1, Fault: 1, n/a,1, DIAGNOSED ,Time Taken,12, ELLIGIBLE,1,
Time: 8312, Behaviour: 1, Fault: 1, n/a,1, DIAGNOSED ,Time Taken,35, ELLIGIBLE,,
Time: 8050, Behaviour: 1, Fault: 1, n/a,1, DIAGNOSED ,Time Taken,12, ELLIGIBLE,,
Time: 12047, Behaviour: 1, Fault: 6, n/a,3, DIAGNOSED ,Time Taken,83, ELLIGIBLE,,
Time: 17248, Behaviour: 3, Fault: 6, n/a,3, DIAGNOSED ,Time Taken,149, ELLIGIBLE,,
Time: 18037, Behaviour: 3, Fault: 4, n/a,4, DIAGNOSED ,Time Taken,116, ELLIGIBLE,1,
Time: 19077, Behaviour: 3, Fault: 6, n/a,3, DIAGNOSED ,Time Taken,13, ELLIGIBLE,,
Time: 23978, Behaviour: 3, Fault: 1, n/a,1, DIAGNOSED ,Time Taken,12, ELLIGIBLE,1,
Time: 27057, Behaviour: 1, Fault: 1, n/a,1, DIAGNOSED ,Time Taken,13, ELLIGIBLE,1,
Time: 34288, Behaviour: 2, Fault: 1, n/a,1, DIAGNOSED ,Time Taken,12, ELLIGIBLE,1,
Time: 12646, Behaviour: 1, Fault: 1, n/a,1, DIAGNOSED ,Time Taken,12, ELLIGIBLE,1,
Time: 18872, Behaviour: 3, Fault: 4, n/a,4, DIAGNOSED ,Time Taken,117, ELLIGIBLE,1,
Time: 21472, Behaviour: 3, Fault: 6, n/a,3, DIAGNOSED ,Time Taken,13, ELLIGIBLE,,
Time: 26103, Behaviour: 1, Fault: 1, n/a,1, DIAGNOSED ,Time Taken,12, ELLIGIBLE,,
Time: 28443, Behaviour: 1, Fault: 1, n/a,1, DIAGNOSED ,Time Taken,13, ELLIGIBLE,,
Time: 2967, Behaviour: 2, Fault: 6, n/a,3, DIAGNOSED ,Time Taken,613, ELLIGIBLE,,
Time: 6165, Behaviour: 1, Fault: 1, n/a,1, DIAGNOSED ,Time Taken,12, ELLIGIBLE,1,
Time: 10085, Behaviour: 1, Fault: 2, n/a,2, DIAGNOSED ,Time Taken,11, ELLIGIBLE,1,
Time: 12958, Behaviour: 1, Fault: 6, n/a,3, DIAGNOSED ,Time Taken,13, ELLIGIBLE,,
Time: 16975, Behaviour: 3, Fault: 4, n/a,4, DIAGNOSED ,Time Taken,521, ELLIGIBLE,1,
Time: 22677, Behaviour: 3, Fault: 1, n/a,1, DIAGNOSED ,Time Taken,12, ELLIGIBLE,1,
Time: 25096, Behaviour: 1, Fault: 1, n/a,1, DIAGNOSED ,Time Taken,12, ELLIGIBLE,1,
Time: 28319, Behaviour: 1, Fault: 1, n/a,1, DIAGNOSED ,Time Taken,17, ELLIGIBLE,,
Time: 30729, Behaviour: 2, Fault: 6, n/a,3, DIAGNOSED ,Time Taken,91, ELLIGIBLE,,
Time: 17613, Behaviour: 3, Fault: 1, n/a,1, DIAGNOSED ,Time Taken,20, ELLIGIBLE,1,
Time: 20122, Behaviour: 3, Fault: 1, n/a,1, DIAGNOSED ,Time Taken,12, ELLIGIBLE,,
Time: 25001, Behaviour: 1, Fault: 1, n/a,1, DIAGNOSED ,Time Taken,12, ELLIGIBLE,1,
Time: 30775, Behaviour: 2, Fault: 4, n/a,4, DIAGNOSED ,Time Taken,195, ELLIGIBLE,1,
Time: 14384, Behaviour: 1, Fault: 1, n/a,1, DIAGNOSED ,Time Taken,12, ELLIGIBLE,1,
Time: 15165, Behaviour: 3, Fault: 1, n/a,1, DIAGNOSED ,Time Taken,13, ELLIGIBLE,1,
Time: 19875, Behaviour: 3, Fault: 1, n/a,1, DIAGNOSED ,Time Taken,13, ELLIGIBLE,,
Time: 25622, Behaviour: 1, Fault: 6, n/a,3, DIAGNOSED ,Time Taken,13, ELLIGIBLE,1,
Time: 28088, Behaviour: 1, Fault: 4, n/a,4, DIAGNOSED ,Time Taken,116, ELLIGIBLE,1,
Time: 30461, Behaviour: 2, Fault: 6, n/a,6, DIAGNOSED ,Time Taken,276, ELLIGIBLE,1,
Time: 34612, Behaviour: 2, Fault: 1, n/a,1, DIAGNOSED ,Time Taken,12, ELLIGIBLE,1,
Time: 24240, Behaviour: 3, Fault: 1, n/a,1, DIAGNOSED ,Time Taken,13, ELLIGIBLE,1,
Time: 25170, Behaviour: 1, Fault: 1, n/a,1, DIAGNOSED ,Time Taken,69, ELLIGIBLE,,
Time: 31954, Behaviour: 2, Fault: 1, n/a,1, DIAGNOSED ,Time Taken,12, ELLIGIBLE,1,
Time: 5344, Behaviour: 1, Fault: 4, n/a,4, DIAGNOSED ,Time Taken,116, ELLIGIBLE,1,
Time: 7817, Behaviour: 1, Fault: 1, n/a,1, DIAGNOSED ,Time Taken,12, ELLIGIBLE,1,
Time: 18363, Behaviour: 3, Fault: 1, n/a,1, DIAGNOSED ,Time Taken,13, ELLIGIBLE,1,
Time: 21091, Behaviour: 3, Fault: 6, n/a,3, DIAGNOSED ,Time Taken,13, ELLIGIBLE,,
Time: 23482, Behaviour: 3, Fault: 6, n/a,3, DIAGNOSED ,Time Taken,13, ELLIGIBLE,,
Time: 28991, Behaviour: 1, Fault: 5, n/a,5, DIAGNOSED ,Time Taken,165, ELLIGIBLE,,1
Time: 30510, Behaviour: 2, Fault: 1, n/a,1, DIAGNOSED ,Time Taken,45, ELLIGIBLE,1,
Time: 32928, Behaviour: 2, Fault: 2, n/a,2, DIAGNOSED ,Time Taken,12, ELLIGIBLE,1,
Time: 34151, Behaviour: 2, Fault: 1, n/a,1, DIAGNOSED ,Time Taken,12, ELLIGIBLE,,
Time: 9240, Behaviour: 1, Fault: 1, n/a,1, DIAGNOSED ,Time Taken,13, ELLIGIBLE,,
Time: 13682, Behaviour: 1, Fault: 6, n/a,3, DIAGNOSED ,Time Taken,252, ELLIGIBLE,,
Time: 28399, Behaviour: 1, Fault: 4, n/a,4, DIAGNOSED ,Time Taken,217, ELLIGIBLE,1,
Time: 35806, Behaviour: 3, Fault: 1, n/a,1, DIAGNOSED ,Time Taken,12, ELLIGIBLE,1,
Time: 5304, Behaviour: 1, Fault: 1, n/a,1, DIAGNOSED ,Time Taken,12, ELLIGIBLE,1,
Time: 6012, Behaviour: 1, Fault: 6, n/a,3, DIAGNOSED ,Time Taken,356, ELLIGIBLE,1,
Time: 14936, Behaviour: 1, Fault: 1, n/a,1, DIAGNOSED ,Time Taken,47, ELLIGIBLE,,
Time: 22099, Behaviour: 3, Fault: 1, n/a,1, DIAGNOSED ,Time Taken,12, ELLIGIBLE,,
Time: 22711, Behaviour: 3, Fault: 1, n/a,1, DIAGNOSED ,Time Taken,12, ELLIGIBLE,,
Time: 23864, Behaviour: 3, Fault: 1, n/a,1, DIAGNOSED ,Time Taken,12, ELLIGIBLE,,
Time: 16956, Behaviour: 3, Fault: 1, n/a,1, DIAGNOSED ,Time Taken,12, ELLIGIBLE,1,
Time: 22690, Behaviour: 3, Fault: 1, n/a,1, DIAGNOSED ,Time Taken,12, ELLIGIBLE,,
Time: 31962, Behaviour: 2, Fault: 1, n/a,1, DIAGNOSED ,Time Taken,12, ELLIGIBLE,1,
Time: 33528, Behaviour: 2, Fault: 1, n/a,1, DIAGNOSED ,Time Taken,12, ELLIGIBLE,,
Time: 5398, Behaviour: 1, Fault: 1, n/a,1, DIAGNOSED ,Time Taken,12, ELLIGIBLE,1,
Time: 10571, Behaviour: 1, Fault: 1, n/a,1, DIAGNOSED ,Time Taken,12, ELLIGIBLE,,
Time: 26427, Behaviour: 1, Fault: 6, n/a,3, DIAGNOSED ,Time Taken,13, ELLIGIBLE,,
Time: 1918, Behaviour: 2, Fault: 6, n/a,3, DIAGNOSED ,Time Taken,13, ELLIGIBLE,,
Time: 5259, Behaviour: 1, Fault: 1, n/a,1, DIAGNOSED ,Time Taken,12, ELLIGIBLE,1,
Time: 25383, Behaviour: 1, Fault: 1, n/a,1, DIAGNOSED ,Time Taken,12, ELLIGIBLE,1,
Time: 26211, Behaviour: 1, Fault: 6, n/a,3, DIAGNOSED ,Time Taken,172, ELLIGIBLE,1,
Time: 35768, Behaviour: 3, Fault: 1, n/a,1, DIAGNOSED ,Time Taken,12, ELLIGIBLE,,
Time: 4281, Behaviour: 2, Fault: 1, n/a,1, DIAGNOSED ,Time Taken,12, ELLIGIBLE,,
Time: 5506, Behaviour: 1, Fault: 4, n/a,4, DIAGNOSED ,Time Taken,116, ELLIGIBLE,1,
Time: 12896, Behaviour: 1, Fault: 6, n/a,3, DIAGNOSED ,Time Taken,131, ELLIGIBLE,,
Time: 27182, Behaviour: 1, Fault: 6, n/a,3, DIAGNOSED ,Time Taken,19, ELLIGIBLE,,
Time: 35556, Behaviour: 3, Fault: 1, n/a,1, DIAGNOSED ,Time Taken,12, ELLIGIBLE,,1
Time: 7360, Behaviour: 1, Fault: 1, n/a,1, DIAGNOSED ,Time Taken,259, ELLIGIBLE,,
Time: 9031, Behaviour: 1, Fault: 4, n/a,4, DIAGNOSED ,Time Taken,116, ELLIGIBLE,,
Time: 10065, Behaviour: 1, Fault: 1, n/a,1, DIAGNOSED ,Time Taken,12, ELLIGIBLE,,
Time: 21792, Behaviour: 3, Fault: 6, n/a,3, DIAGNOSED ,Time Taken,13, ELLIGIBLE,,
Time: 22939, Behaviour: 3, Fault: 6, n/a,3, DIAGNOSED ,Time Taken,13, ELLIGIBLE,,
Time: 32885, Behaviour: 2, Fault: 6, n/a,3, DIAGNOSED ,Time Taken,278, ELLIGIBLE,,
Time: 33818, Behaviour: 2, Fault: 1, n/a,1, DIAGNOSED ,Time Taken,12, ELLIGIBLE,1,
Time: 5409, Behaviour: 1, Fault: 1, n/a,1, DIAGNOSED ,Time Taken,12, ELLIGIBLE,1,
Time: 8256, Behaviour: 1, Fault: 1, n/a,1, DIAGNOSED ,Time Taken,12, ELLIGIBLE,,
Time: 17266, Behaviour: 3, Fault: 6, n/a,6, DIAGNOSED ,Time Taken,533, ELLIGIBLE,1,
Time: 19418, Behaviour: 3, Fault: 4, n/a,4, DIAGNOSED ,Time Taken,143, ELLIGIBLE,1,
Time: 3768, Behaviour: 2, Fault: 1, n/a,1, DIAGNOSED ,Time Taken,12, ELLIGIBLE,,
Time: 5969, Behaviour: 1, Fault: 1, n/a,1, DIAGNOSED ,Time Taken,12, ELLIGIBLE,1,
Time: 6041, Behaviour: 1, Fault: 4, n/a,4, DIAGNOSED ,Time Taken,116, ELLIGIBLE,,
Time: 13200, Behaviour: 1, Fault: 1, n/a,1, DIAGNOSED ,Time Taken,17, ELLIGIBLE,1,
Time: 25132, Behaviour: 1, Fault: 1, n/a,1, DIAGNOSED ,Time Taken,12, ELLIGIBLE,,
Time: 35625, Behaviour: 3, Fault: 1, n/a,1, DIAGNOSED ,Time Taken,140, ELLIGIBLE,1,
Time: 4982, Behaviour: 2, Fault: 1, n/a,1, DIAGNOSED ,Time Taken,12, ELLIGIBLE,,
Time: 6954, Behaviour: 1, Fault: 1, n/a,1, DIAGNOSED ,Time Taken,13, ELLIGIBLE,1,
Time: 18558, Behaviour: 3, Fault: 6, n/a,3, DIAGNOSED ,Time Taken,18, ELLIGIBLE,1,
Time: 24473, Behaviour: 3, Fault: 1, n/a,1, DIAGNOSED ,Time Taken,13, ELLIGIBLE,1,
Time: 25255, Behaviour: 1, Fault: 6, n/a,3, DIAGNOSED ,Time Taken,13, ELLIGIBLE,,
Time: 28297, Behaviour: 1, Fault: 1, n/a,1, DIAGNOSED ,Time Taken,12, ELLIGIBLE,1,
Time: 33005, Behaviour: 2, Fault: 6, n/a,3, DIAGNOSED ,Time Taken,183, ELLIGIBLE,1,
Time: 33796, Behaviour: 2, Fault: 6, n/a,6, DIAGNOSED ,Time Taken,928, ELLIGIBLE,,
Time: 10381, Behaviour: 1, Fault: 1, n/a,1, DIAGNOSED ,Time Taken,103, ELLIGIBLE,1,
Time: 26489, Behaviour: 1, Fault: 6, n/a,6, DIAGNOSED ,Time Taken,246, ELLIGIBLE,,
Time: 31502, Behaviour: 2, Fault: 4, n/a,4, DIAGNOSED ,Time Taken,383, ELLIGIBLE,1,
Time: 33625, Behaviour: 2, Fault: 6, n/a,3, DIAGNOSED ,Time Taken,19, ELLIGIBLE,1,
Time: 6194, Behaviour: 1, Fault: 6, n/a,3, DIAGNOSED ,Time Taken,529, ELLIGIBLE,1,
Time: 13714, Behaviour: 1, Fault: 1, n/a,1, DIAGNOSED ,Time Taken,12, ELLIGIBLE,,
Time: 21864, Behaviour: 3, Fault: 1, n/a,1, DIAGNOSED ,Time Taken,12, ELLIGIBLE,,
Time: 26710, Behaviour: 1, Fault: 5, n/a,5, DIAGNOSED ,Time Taken,169, ELLIGIBLE,,1
Time: 28869, Behaviour: 1, Fault: 2, n/a,2, DIAGNOSED ,Time Taken,11, ELLIGIBLE,,1
Time: 34550, Behaviour: 2, Fault: 1, n/a,1, DIAGNOSED ,Time Taken,12, ELLIGIBLE,1,
Time: 5182, Behaviour: 1, Fault: 1, n/a,1, DIAGNOSED ,Time Taken,13, ELLIGIBLE,1,
Time: 10913, Behaviour: 1, Fault: 1, n/a,1, DIAGNOSED ,Time Taken,12, ELLIGIBLE,,
Time: 34763, Behaviour: 2, Fault: 6, n/a,3, DIAGNOSED ,Time Taken,268, ELLIGIBLE,,
Time: 6376, Behaviour: 1, Fault: 4, n/a,4, DIAGNOSED ,Time Taken,116, ELLIGIBLE,1,
Time: 15080, Behaviour: 3, Fault: 1, n/a,1, DIAGNOSED ,Time Taken,107, ELLIGIBLE,1,
Time: 26043, Behaviour: 1, Fault: 1, n/a,1, DIAGNOSED ,Time Taken,12, ELLIGIBLE,1,
Time: 6162, Behaviour: 1, Fault: 1, n/a,1, DIAGNOSED ,Time Taken,12, ELLIGIBLE,1,
Time: 11489, Behaviour: 1, Fault: 6, n/a,6, DIAGNOSED ,Time Taken,254, ELLIGIBLE,,
Time: 31370, Behaviour: 2, Fault: 1, n/a,1, DIAGNOSED ,Time Taken,12, ELLIGIBLE,1,
Time: 26472, Behaviour: 1, Fault: 1, n/a,1, DIAGNOSED ,Time Taken,13, ELLIGIBLE,1,
Time: 34097, Behaviour: 2, Fault: 1, n/a,1, DIAGNOSED ,Time Taken,12, ELLIGIBLE,1,
Time: 11446, Behaviour: 1, Fault: 1, n/a,1, DIAGNOSED ,Time Taken,12, ELLIGIBLE,,
Time: 13474, Behaviour: 1, Fault: 4, n/a,4, DIAGNOSED ,Time Taken,116, ELLIGIBLE,1,
Time: 31518, Behaviour: 2, Fault: 1, n/a,1, DIAGNOSED ,Time Taken,12, ELLIGIBLE,,
Time: 19247, Behaviour: 3, Fault: 6, n/a,3, DIAGNOSED ,Time Taken,13, ELLIGIBLE,1,
Time: 34536, Behaviour: 2, Fault: 1, n/a,1, DIAGNOSED ,Time Taken,12, ELLIGIBLE,1,
Time: 6999, Behaviour: 1, Fault: 1, n/a,1, DIAGNOSED ,Time Taken,279, ELLIGIBLE,,
Time: 7880, Behaviour: 1, Fault: 4, n/a,4, DIAGNOSED ,Time Taken,116, ELLIGIBLE,1,
Time: 15324, Behaviour: 3, Fault: 1, n/a,1, DIAGNOSED ,Time Taken,12, ELLIGIBLE,1,
Time: 19933, Behaviour: 3, Fault: 1, n/a,1, DIAGNOSED ,Time Taken,12, ELLIGIBLE,,
Time: 27836, Behaviour: 1, Fault: 4, n/a,4, DIAGNOSED ,Time Taken,117, ELLIGIBLE,1,
Time: 34183, Behaviour: 2, Fault: 6, n/a,3, DIAGNOSED ,Time Taken,17, ELLIGIBLE,1,
Time: 9358, Behaviour: 1, Fault: 1, n/a,1, DIAGNOSED ,Time Taken,12, ELLIGIBLE,,
Time: 10004, Behaviour: 1, Fault: 6, n/a,3, DIAGNOSED ,Time Taken,13, ELLIGIBLE,,
Time: 12266, Behaviour: 1, Fault: 4, n/a,4, DIAGNOSED ,Time Taken,116, ELLIGIBLE,,
Time: 29902, Behaviour: 1, Fault: 4, n/a,4, DIAGNOSED ,Time Taken,116, ELLIGIBLE,1,
Time: 31248, Behaviour: 2, Fault: 1, n/a,1, DIAGNOSED ,Time Taken,12, ELLIGIBLE,1,
Time: 32640, Behaviour: 2, Fault: 6, n/a,3, DIAGNOSED ,Time Taken,168, ELLIGIBLE,1,
Time: 35476, Behaviour: 3, Fault: 1, n/a,1, DIAGNOSED ,Time Taken,12, ELLIGIBLE,1,
Time: 1311, Behaviour: 2, Fault: 1, n/a,1, DIAGNOSED ,Time Taken,12, ELLIGIBLE,,
Time: 9350, Behaviour: 1, Fault: 6, n/a,3, DIAGNOSED ,Time Taken,13, ELLIGIBLE,1,
Time: 14530, Behaviour: 1, Fault: 4, n/a,4, DIAGNOSED ,Time Taken,116, ELLIGIBLE,,
Time: 18362, Behaviour: 3, Fault: 1, n/a,1, DIAGNOSED ,Time Taken,27, ELLIGIBLE,1,
Time: 19372, Behaviour: 3, Fault: 6, n/a,6, DIAGNOSED ,Time Taken,502, ELLIGIBLE,1,
Time: 31627, Behaviour: 2, Fault: 6, n/a,3, DIAGNOSED ,Time Taken,16, ELLIGIBLE,1,
Time: 35977, Behaviour: 3, Fault: 1, n/a,1, DIAGNOSED ,Time Taken,13, ELLIGIBLE,1,
Time: 5864, Behaviour: 1, Fault: 1, n/a,1, DIAGNOSED ,Time Taken,12, ELLIGIBLE,1,
Time: 7090, Behaviour: 1, Fault: 4, n/a,4, DIAGNOSED ,Time Taken,116, ELLIGIBLE,1,
Time: 23474, Behaviour: 3, Fault: 6, n/a,3, DIAGNOSED ,Time Taken,1006, ELLIGIBLE,,
Time: 33718, Behaviour: 2, Fault: 1, n/a,1, DIAGNOSED ,Time Taken,15, ELLIGIBLE,1,
Time: 34969, Behaviour: 2, Fault: 1, n/a,1, DIAGNOSED ,Time Taken,12, ELLIGIBLE,,
Time: 34213, Behaviour: 2, Fault: 6, n/a,3, DIAGNOSED ,Time Taken,853, ELLIGIBLE,,
Time: 4270, Behaviour: 2, Fault: 6, n/a,3, DIAGNOSED ,Time Taken,14, ELLIGIBLE,,
Time: 13544, Behaviour: 1, Fault: 1, n/a,1, DIAGNOSED ,Time Taken,252, ELLIGIBLE,,
Time: 16981, Behaviour: 3, Fault: 6, n/a,3, DIAGNOSED ,Time Taken,147, ELLIGIBLE,1,
Time: 23611, Behaviour: 3, Fault: 4, n/a,4, DIAGNOSED ,Time Taken,117, ELLIGIBLE,,
Time: 34107, Behaviour: 2, Fault: 1, n/a,1, DIAGNOSED ,Time Taken,12, ELLIGIBLE,1,
Time: 6931, Behaviour: 1, Fault: 1, n/a,1, DIAGNOSED ,Time Taken,13, ELLIGIBLE,,
Time: 15908, Behaviour: 3, Fault: 6, n/a,3, DIAGNOSED ,Time Taken,13, ELLIGIBLE,1,
Time: 17504, Behaviour: 3, Fault: 6, n/a,3, DIAGNOSED ,Time Taken,13, ELLIGIBLE,,
Time: 19378, Behaviour: 3, Fault: 4, n/a,4, DIAGNOSED ,Time Taken,116, ELLIGIBLE,1,
Time: 24206, Behaviour: 3, Fault: 6, n/a,3, DIAGNOSED ,Time Taken,180, ELLIGIBLE,,
Time: 26340, Behaviour: 1, Fault: 6, n/a,3, DIAGNOSED ,Time Taken,299, ELLIGIBLE,,
Time: 1287, Behaviour: 2, Fault: 1, n/a,1, DIAGNOSED ,Time Taken,12, ELLIGIBLE,,
Time: 7487, Behaviour: 1, Fault: 1, n/a,1, DIAGNOSED ,Time Taken,13, ELLIGIBLE,1,
Time: 17635, Behaviour: 3, Fault: 1, n/a,1, DIAGNOSED ,Time Taken,20, ELLIGIBLE,1,
Time: 23752, Behaviour: 3, Fault: 1, n/a,1, DIAGNOSED ,Time Taken,12, ELLIGIBLE,,
Time: 30566, Behaviour: 2, Fault: 4, n/a,4, DIAGNOSED ,Time Taken,221, ELLIGIBLE,1,
Time: 5418, Behaviour: 1, Fault: 1, n/a,1, DIAGNOSED ,Time Taken,12, ELLIGIBLE,1,
Time: 8541, Behaviour: 1, Fault: 1, n/a,1, DIAGNOSED ,Time Taken,13, ELLIGIBLE,,
Time: 13767, Behaviour: 1, Fault: 1, n/a,1, DIAGNOSED ,Time Taken,12, ELLIGIBLE,,
Time: 23856, Behaviour: 3, Fault: 1, n/a,1, DIAGNOSED ,Time Taken,12, ELLIGIBLE,1,
Time: 25676, Behaviour: 1, Fault: 4, n/a,4, DIAGNOSED ,Time Taken,116, ELLIGIBLE,,1
Time: 28419, Behaviour: 1, Fault: 6, n/a,3, DIAGNOSED ,Time Taken,24, ELLIGIBLE,,
Time: 35667, Behaviour: 3, Fault: 1, n/a,1, DIAGNOSED ,Time Taken,23, ELLIGIBLE,,
Time: 5734, Behaviour: 1, Fault: 1, n/a,1, DIAGNOSED ,Time Taken,12, ELLIGIBLE,1,
Time: 9542, Behaviour: 1, Fault: 1, n/a,1, DIAGNOSED ,Time Taken,12, ELLIGIBLE,,
Time: 12238, Behaviour: 1, Fault: 1, n/a,1, DIAGNOSED ,Time Taken,13, ELLIGIBLE,,
Time: 19691, Behaviour: 3, Fault: 6, n/a,3, DIAGNOSED ,Time Taken,13, ELLIGIBLE,,
Time: 25259, Behaviour: 1, Fault: 1, n/a,1, DIAGNOSED ,Time Taken,12, ELLIGIBLE,,
Time: 29215, Behaviour: 1, Fault: 6, n/a,3, DIAGNOSED ,Time Taken,102, ELLIGIBLE,1,
Time: 3626, Behaviour: 2, Fault: 1, n/a,1, DIAGNOSED ,Time Taken,12, ELLIGIBLE,,
Time: 35296, Behaviour: 3, Fault: 4, n/a,4, DIAGNOSED ,Time Taken,260, ELLIGIBLE,1,
Time: 10830, Behaviour: 1, Fault: 6, n/a,3, DIAGNOSED ,Time Taken,13, ELLIGIBLE,,
Time: 12792, Behaviour: 1, Fault: 1, n/a,1, DIAGNOSED ,Time Taken,12, ELLIGIBLE,,
Time: 13442, Behaviour: 1, Fault: 1, n/a,1, DIAGNOSED ,Time Taken,12, ELLIGIBLE,,
Time: 17941, Behaviour: 3, Fault: 4, n/a,4, DIAGNOSED ,Time Taken,116, ELLIGIBLE,1,
Time: 29035, Behaviour: 1, Fault: 1, n/a,1, DIAGNOSED ,Time Taken,12, ELLIGIBLE,,1
