Time: 622, Behaviour: 2, Fault: 1, n/a, 1 , DIAGNOSED ,Time Taken, 13, 
Time: 1235, Behaviour: 2, Fault: 3, n/a, 3 , DIAGNOSED ,Time Taken, 13, 
Time: 2053, Behaviour: 2, Fault: 6, n/a, 3 , DIAGNOSED ,Time Taken, 14, 
Time: 7829, Behaviour: 1, Fault: 1, n/a, 1 , DIAGNOSED ,Time Taken, 12, ELLIGIBLE
Time: 8603, Behaviour: 1, Fault: 4, n/a, 4 , DIAGNOSED ,Time Taken, 116, 
Time: 9321, Behaviour: 1, Fault: 4, 99.8335, 4 , CLASSIFIED ,
Time: 9922, Behaviour: 1, Fault: 4, 97.0345, 4 , CLASSIFIED ,
Time: 10705, Behaviour: 1, Fault: 6, 98.9749, 3 , CLASSIFIED ,
Time: 11324, Behaviour: 1, Fault: 4, 93.3849, 4 , CLASSIFIED ,
Time: 12037, Behaviour: 1, Fault: 1, 71.4286, FAILURE 3, n/a, 1 , DIAGNOSED ,Time Taken, 12, ELLIGIBLE
Time: 12649, Behaviour: 1, Fault: 3, 100, 3 , CLASSIFIED ,
Time: 13842, Behaviour: 1, Fault: 5, 99.1701, 4 , CLASSIFIED ,
Time: 14443, Behaviour: 1, Fault: 3, 100, 100, 3 , CLASSIFIED ,
Time: 15049, Behaviour: 3, Fault: 3, 100, 100, 100, 3 , CLASSIFIED ,
Time: 15651, Behaviour: 3, Fault: 3, 87.7553, 87.7553, 87.7553, 87.7553, 3 , CLASSIFIED ,
Time: 16253, Behaviour: 3, Fault: 3, 100, 100, 100, 100, 3 , CLASSIFIED ,
Time: 17055, Behaviour: 3, Fault: 1, n/a, 1 , DIAGNOSED ,Time Taken, 16, ELLIGIBLE
Time: 22222, Behaviour: 3, Fault: 1, 99.5565, 1 , CLASSIFIED ,
Time: 22827, Behaviour: 3, Fault: 6, 74.6862, 3 , CLASSIFIED ,
Time: 31856, Behaviour: 2, Fault: 1, 99.7783, 99.7783, 1 , CLASSIFIED ,
Time: 32582, Behaviour: 2, Fault: 6, 85.9226, 3 , CLASSIFIED ,
Time: 35357, Behaviour: 3, Fault: 1, 100, 1 , CLASSIFIED ,
Total Faults, 22, Elligible Total, 18, DiagTot, 6, Elligible DiagTot, 2, FailTot, 1, MemoryTot, 15, %Memory,0.833333, %Failure,0.0625
Time: 5614, Behaviour: 1, Fault: 1, n/a, 1 , DIAGNOSED ,Time Taken, 12, 
Time: 6226, Behaviour: 1, Fault: 3, n/a, 3 , DIAGNOSED ,Time Taken, 14, 
Time: 7524, Behaviour: 1, Fault: 6, 95.0301, 3 , CLASSIFIED ,
Time: 8128, Behaviour: 1, Fault: 4, n/a, 4 , DIAGNOSED ,Time Taken, 116, 
Time: 9034, Behaviour: 1, Fault: 1, 66.5913, FAILURE 3, n/a, 1 , DIAGNOSED ,Time Taken, 141, ELLIGIBLE
Time: 10119, Behaviour: 1, Fault: 1, n/a, 1 , DIAGNOSED ,Time Taken, 13, ELLIGIBLE
Time: 10732, Behaviour: 1, Fault: 6, 100, 3 , CLASSIFIED ,
Time: 11392, Behaviour: 1, Fault: 4, 99.6667, 4 , CLASSIFIED ,
Time: 12756, Behaviour: 1, Fault: 6, 100, 100, 3 , CLASSIFIED ,
Time: 13567, Behaviour: 1, Fault: 6, 100, 100, 100, 3 , CLASSIFIED ,
Time: 14172, Behaviour: 1, Fault: 4, 99.6667, 4 , CLASSIFIED ,
Time: 14775, Behaviour: 1, Fault: 5, 99.6667, 99.6667, 4 , CLASSIFIED ,
Time: 15376, Behaviour: 3, Fault: 6, 93.7271, 93.7271, 93.7271, 93.7271, 3 , CLASSIFIED ,
Time: 17260, Behaviour: 3, Fault: 1, n/a, 1 , DIAGNOSED ,Time Taken, 12, ELLIGIBLE
Time: 18545, Behaviour: 3, Fault: 1, 92.7737, 1 , CLASSIFIED ,
Time: 19151, Behaviour: 3, Fault: 4, n/a, 4 , DIAGNOSED ,Time Taken, 116, ELLIGIBLE
Time: 19867, Behaviour: 3, Fault: 2, n/a, 2 , DIAGNOSED ,Time Taken, 11, 
Time: 20478, Behaviour: 3, Fault: 2, 70.7911, 2 , CLASSIFIED ,
Time: 21080, Behaviour: 3, Fault: 3, 72.4697, 3 , CLASSIFIED ,
Time: 21929, Behaviour: 3, Fault: 1, 68.3537, 1 , CLASSIFIED ,
Time: 22531, Behaviour: 3, Fault: 2, 83.1951, 2 , CLASSIFIED ,
Time: 23180, Behaviour: 3, Fault: 1, 100, 1 , CLASSIFIED ,
Time: 23784, Behaviour: 3, Fault: 4, 80.953, 4 , CLASSIFIED ,
Time: 24588, Behaviour: 3, Fault: 1, 93.5846, 1 , CLASSIFIED ,
Time: 25429, Behaviour: 1, Fault: 6, 100, 100, 100, 3 , CLASSIFIED ,
Time: 26361, Behaviour: 1, Fault: 6, n/a, 6 , DIAGNOSED ,Time Taken, 885, ELLIGIBLE
Time: 27910, Behaviour: 1, Fault: 4, 99.6667, 4 , CLASSIFIED ,
Total Faults, 27, Elligible Total, 23, DiagTot, 8, Elligible DiagTot, 4, FailTot, 1, MemoryTot, 18, %Memory,0.782609, %Failure,0.0526316
Time: 640, Behaviour: 2, Fault: 1, n/a, 1 , DIAGNOSED ,Time Taken, 13, 
Time: 1253, Behaviour: 2, Fault: 2, n/a, 2 , DIAGNOSED ,Time Taken, 11, 
Time: 2292, Behaviour: 2, Fault: 4, n/a, 4 , DIAGNOSED ,Time Taken, 240, 
Time: 24478, Behaviour: 3, Fault: 1, n/a, 1 , DIAGNOSED ,Time Taken, 12, ELLIGIBLE
Time: 25110, Behaviour: 1, Fault: 1, 91.6768, 1 , CLASSIFIED ,
Time: 26005, Behaviour: 1, Fault: 1, n/a, 1 , DIAGNOSED ,Time Taken, 54, ELLIGIBLE
Time: 26882, Behaviour: 1, Fault: 6, n/a, 3 , DIAGNOSED ,Time Taken, 13, 
Time: 27497, Behaviour: 1, Fault: 4, n/a, 4 , DIAGNOSED ,Time Taken, 238, ELLIGIBLE
Time: 28337, Behaviour: 1, Fault: 4, 99.6667, 4 , CLASSIFIED ,
Time: 29018, Behaviour: 1, Fault: 2, 98.9247, 2 , CLASSIFIED ,
Time: 29912, Behaviour: 1, Fault: 4, 99.8128, 4 , CLASSIFIED ,
Time: 30691, Behaviour: 2, Fault: 6, n/a, 3 , DIAGNOSED ,Time Taken, 39, ELLIGIBLE
Time: 31462, Behaviour: 2, Fault: 4, 79.2351, 4 , CLASSIFIED ,
Time: 32365, Behaviour: 2, Fault: 6, n/a, 3 , DIAGNOSED ,Time Taken, 14, ELLIGIBLE
Time: 32979, Behaviour: 2, Fault: 3, n/a, 3 , DIAGNOSED ,Time Taken, 13, 
Time: 33592, Behaviour: 2, Fault: 6, 76.8851, 3 , CLASSIFIED ,
Time: 34194, Behaviour: 2, Fault: 2, 70.0532, 2 , CLASSIFIED ,
Time: 35506, Behaviour: 3, Fault: 4, 88.6092, 4 , CLASSIFIED ,
Total Faults, 18, Elligible Total, 13, DiagTot, 10, Elligible DiagTot, 5, FailTot, 0, MemoryTot, 8, %Memory,0.615385, %Failure,0
Time: 754, Behaviour: 2, Fault: 1, n/a, 1 , DIAGNOSED ,Time Taken, 12, 
Time: 1366, Behaviour: 2, Fault: 6, n/a, 3 , DIAGNOSED ,Time Taken, 13, 
Time: 2095, Behaviour: 2, Fault: 1, n/a, 1 , DIAGNOSED ,Time Taken, 12, ELLIGIBLE
Time: 3037, Behaviour: 2, Fault: 6, 96.1586, 3 , CLASSIFIED ,
Time: 4309, Behaviour: 2, Fault: 6, n/a, 6 , DIAGNOSED ,Time Taken, 1395, ELLIGIBLE
Time: 6497, Behaviour: 1, Fault: 2, n/a, 2 , DIAGNOSED ,Time Taken, 12, 
Time: 7797, Behaviour: 1, Fault: 1, 68.196, 1 , CLASSIFIED ,
Time: 9194, Behaviour: 1, Fault: 1, 99.8288, 1 , CLASSIFIED ,
Time: 9796, Behaviour: 1, Fault: 3, 83.23, 3 , CLASSIFIED ,
Time: 10509, Behaviour: 1, Fault: 1, 76.2317, 1 , CLASSIFIED ,
Time: 11604, Behaviour: 1, Fault: 6, 99.3147, 3 , CLASSIFIED ,
Time: 12831, Behaviour: 1, Fault: 6, n/a, 3 , DIAGNOSED ,Time Taken, 83, ELLIGIBLE
Time: 13662, Behaviour: 1, Fault: 3, 68.196, 68.196, 3 , CLASSIFIED ,
Time: 14306, Behaviour: 1, Fault: 3, 99.8288, 3 , CLASSIFIED ,
Time: 14908, Behaviour: 1, Fault: 3, 86.4724, 3 , CLASSIFIED ,
Time: 15967, Behaviour: 3, Fault: 1, 100, 1 , CLASSIFIED ,
Time: 16602, Behaviour: 3, Fault: 1, n/a, 1 , DIAGNOSED ,Time Taken, 12, ELLIGIBLE
Time: 17214, Behaviour: 3, Fault: 3, 80.4874, 3 , CLASSIFIED ,
Time: 17816, Behaviour: 3, Fault: 2, 81.0117, 2 , CLASSIFIED ,
Time: 18783, Behaviour: 3, Fault: 6, 92.6064, 3 , CLASSIFIED ,
Time: 19635, Behaviour: 3, Fault: 1, n/a, 1 , DIAGNOSED ,Time Taken, 13, ELLIGIBLE
Time: 20667, Behaviour: 3, Fault: 1, 84.0708, 1 , CLASSIFIED ,
Time: 21282, Behaviour: 3, Fault: 4, n/a, 4 , DIAGNOSED ,Time Taken, 116, 
Time: 21998, Behaviour: 3, Fault: 6, 99.486, 3 , CLASSIFIED ,
Time: 23090, Behaviour: 3, Fault: 4, 95.9014, 4 , CLASSIFIED ,
Time: 23691, Behaviour: 3, Fault: 2, 82.4497, 2 , CLASSIFIED ,
Time: 24308, Behaviour: 3, Fault: 3, 94.0697, 3 , CLASSIFIED ,
Time: 24910, Behaviour: 3, Fault: 3, 88.6459, 3 , CLASSIFIED ,
Time: 25526, Behaviour: 1, Fault: 6, 100, 3 , CLASSIFIED ,
Time: 26195, Behaviour: 1, Fault: 5, n/a, 5 , DIAGNOSED ,Time Taken, 165, 
Time: 26960, Behaviour: 1, Fault: 2, 80.9782, 2 , CLASSIFIED ,
Time: 27728, Behaviour: 1, Fault: 5, 92.1732, 5 , CLASSIFIED ,
Time: 28331, Behaviour: 1, Fault: 4, 99.5001, 5 , CLASSIFIED ,
Time: 28932, Behaviour: 1, Fault: 3, 100, 3 , CLASSIFIED ,
Time: 29534, Behaviour: 1, Fault: 2, 100, 2 , CLASSIFIED ,
Time: 30136, Behaviour: 2, Fault: 1, n/a, 1 , DIAGNOSED ,Time Taken, 12, ELLIGIBLE
Time: 32116, Behaviour: 2, Fault: 6, n/a, 3 , DIAGNOSED ,Time Taken, 14, ELLIGIBLE
Time: 32730, Behaviour: 2, Fault: 3, 81.9905, 3 , CLASSIFIED ,
Time: 35705, Behaviour: 3, Fault: 1, 89.0942, 1 , CLASSIFIED ,
Total Faults, 39, Elligible Total, 34, DiagTot, 12, Elligible DiagTot, 7, FailTot, 0, MemoryTot, 27, %Memory,0.794118, %Failure,0
Time: 1101, Behaviour: 2, Fault: 1, n/a, 1 , DIAGNOSED ,Time Taken, 13, 
Time: 1714, Behaviour: 2, Fault: 2, n/a, 2 , DIAGNOSED ,Time Taken, 11, 
Time: 2554, Behaviour: 2, Fault: 4, n/a, 4 , DIAGNOSED ,Time Taken, 116, 
Time: 3270, Behaviour: 2, Fault: 2, 77.7062, 2 , CLASSIFIED ,
Time: 4206, Behaviour: 2, Fault: 4, 69.6659, 4 , CLASSIFIED ,
Time: 4807, Behaviour: 2, Fault: 2, 94.531, 2 , CLASSIFIED ,
Time: 5409, Behaviour: 1, Fault: 2, 98.9285, 2 , CLASSIFIED ,
Time: 6011, Behaviour: 1, Fault: 2, 91.0099, 2 , CLASSIFIED ,
Time: 6614, Behaviour: 1, Fault: 2, 100, 2 , CLASSIFIED ,
Time: 11547, Behaviour: 1, Fault: 1, 98.8996, 1 , CLASSIFIED ,
Time: 12255, Behaviour: 1, Fault: 6, n/a, 3 , DIAGNOSED ,Time Taken, 107, 
Time: 12998, Behaviour: 1, Fault: 6, n/a, 3 , DIAGNOSED ,Time Taken, 13, ELLIGIBLE
Time: 13617, Behaviour: 1, Fault: 4, 92.5401, 4 , CLASSIFIED ,
Time: 14237, Behaviour: 1, Fault: 5, n/a, 5 , DIAGNOSED ,Time Taken, 186, 
Time: 15217, Behaviour: 3, Fault: 4, 94.9738, 4 , CLASSIFIED ,
Time: 16011, Behaviour: 3, Fault: 4, 97.9573, 4 , CLASSIFIED ,
Time: 17319, Behaviour: 3, Fault: 6, 73.9474, 3 , CLASSIFIED ,
Time: 18256, Behaviour: 3, Fault: 4, 99.438, 4 , CLASSIFIED ,
Time: 19024, Behaviour: 3, Fault: 6, 81.4604, 3 , CLASSIFIED ,
Time: 19626, Behaviour: 3, Fault: 2, 100, 2 , CLASSIFIED ,
Time: 20228, Behaviour: 3, Fault: 3, 76.8015, 3 , CLASSIFIED ,
Time: 21223, Behaviour: 3, Fault: 6, 82.6061, 3 , CLASSIFIED ,
Time: 23578, Behaviour: 3, Fault: 1, n/a, 1 , DIAGNOSED ,Time Taken, 26, ELLIGIBLE
Time: 24391, Behaviour: 3, Fault: 6, 92.9345, 3 , CLASSIFIED ,
Time: 24994, Behaviour: 3, Fault: 2, 86.0705, 2 , CLASSIFIED ,
Time: 25597, Behaviour: 1, Fault: 2, 92.73, 2 , CLASSIFIED ,
Time: 26199, Behaviour: 1, Fault: 2, 100, 2 , CLASSIFIED ,
Time: 26803, Behaviour: 1, Fault: 4, 99.6667, 5 , CLASSIFIED ,
Time: 28303, Behaviour: 1, Fault: 1, n/a, 1 , DIAGNOSED ,Time Taken, 13, ELLIGIBLE
Time: 28916, Behaviour: 1, Fault: 2, 100, 2 , CLASSIFIED ,
Time: 29520, Behaviour: 1, Fault: 5, 99.3339, 99.3339, 5 , CLASSIFIED ,
Time: 30121, Behaviour: 2, Fault: 3, 77.6516, 3 , CLASSIFIED ,
Time: 30723, Behaviour: 2, Fault: 2, 89.0748, 2 , CLASSIFIED ,
Time: 31325, Behaviour: 2, Fault: 3, 93.8418, 3 , CLASSIFIED ,
Time: 33131, Behaviour: 2, Fault: 4, 98.3358, 4 , CLASSIFIED ,
Time: 33732, Behaviour: 2, Fault: 2, 90.4863, 2 , CLASSIFIED ,
Time: 34335, Behaviour: 2, Fault: 2, 91.5077, 2 , CLASSIFIED ,
Time: 35093, Behaviour: 3, Fault: 6, 96.4701, 3 , CLASSIFIED ,
Time: 35772, Behaviour: 3, Fault: 4, 97.4036, 4 , CLASSIFIED ,
Total Faults, 39, Elligible Total, 34, DiagTot, 8, Elligible DiagTot, 3, FailTot, 0, MemoryTot, 31, %Memory,0.911765, %Failure,0
Time: 737, Behaviour: 2, Fault: 1, n/a, 1 , DIAGNOSED ,Time Taken, 12, 
Time: 1349, Behaviour: 2, Fault: 3, n/a, 3 , DIAGNOSED ,Time Taken, 13, 
Time: 1962, Behaviour: 2, Fault: 2, n/a, 2 , DIAGNOSED ,Time Taken, 11, 
Time: 2811, Behaviour: 2, Fault: 6, n/a, 3 , DIAGNOSED ,Time Taken, 13, 
Time: 3779, Behaviour: 2, Fault: 4, n/a, 4 , DIAGNOSED ,Time Taken, 212, 
Time: 4686, Behaviour: 2, Fault: 4, 99.2546, 4 , CLASSIFIED ,
Time: 5323, Behaviour: 1, Fault: 5, n/a, 5 , DIAGNOSED ,Time Taken, 165, 
Time: 6088, Behaviour: 1, Fault: 3, 76.1811, 3 , CLASSIFIED ,
Time: 7421, Behaviour: 1, Fault: 1, n/a, 1 , DIAGNOSED ,Time Taken, 12, ELLIGIBLE
Time: 8797, Behaviour: 1, Fault: 6, 100, 3 , CLASSIFIED ,
Time: 9855, Behaviour: 1, Fault: 6, 78.6895, 3 , CLASSIFIED ,
Time: 10646, Behaviour: 1, Fault: 1, 68.8925, 1 , CLASSIFIED ,
Time: 11680, Behaviour: 1, Fault: 3, 68.313, 68.313, 3 , CLASSIFIED ,
Time: 12283, Behaviour: 1, Fault: 2, 67.5546, 2 , CLASSIFIED ,
Time: 12885, Behaviour: 1, Fault: 3, 99.486, 99.486, 3 , CLASSIFIED ,
Time: 13487, Behaviour: 1, Fault: 3, 100, 100, 3 , CLASSIFIED ,
Time: 14335, Behaviour: 1, Fault: 6, 98.6409, 98.6409, 98.6409, 3 , CLASSIFIED ,
Time: 14937, Behaviour: 1, Fault: 2, 100, 2 , CLASSIFIED ,
Time: 16720, Behaviour: 3, Fault: 6, 92.8476, 3 , CLASSIFIED ,
Time: 17697, Behaviour: 3, Fault: 4, 74.5443, 4 , CLASSIFIED ,
Time: 18298, Behaviour: 3, Fault: 3, 100, 100, 100, 3 , CLASSIFIED ,
Time: 18900, Behaviour: 3, Fault: 2, 70.1148, 70.1148, 2 , CLASSIFIED ,
Time: 19503, Behaviour: 3, Fault: 2, 100, 100, 2 , CLASSIFIED ,
Time: 20105, Behaviour: 3, Fault: 2, 99.4633, 99.4633, 99.4633, 2 , CLASSIFIED ,
Time: 21113, Behaviour: 3, Fault: 1, 84.5154, 1 , CLASSIFIED ,
Time: 21717, Behaviour: 3, Fault: 4, 73.9852, 4 , CLASSIFIED ,
Time: 22318, Behaviour: 3, Fault: 2, 99.4633, 2 , CLASSIFIED ,
Time: 23292, Behaviour: 3, Fault: 4, 98.8771, 4 , CLASSIFIED ,
Time: 23893, Behaviour: 3, Fault: 3, 99.8289, 3 , CLASSIFIED ,
Time: 24799, Behaviour: 3, Fault: 4, 100, 4 , CLASSIFIED ,
Time: 25402, Behaviour: 1, Fault: 4, n/a, 4 , DIAGNOSED ,Time Taken, 116, ELLIGIBLE
Time: 26118, Behaviour: 1, Fault: 2, 100, 100, 100, 2 , CLASSIFIED ,
Time: 27163, Behaviour: 1, Fault: 1, 84.5154, 1 , CLASSIFIED ,
Time: 27766, Behaviour: 1, Fault: 3, 100, 100, 3 , CLASSIFIED ,
Time: 28370, Behaviour: 1, Fault: 4, 99.8335, 4 , CLASSIFIED ,
Total Faults, 35, Elligible Total, 29, DiagTot, 8, Elligible DiagTot, 2, FailTot, 0, MemoryTot, 27, %Memory,0.931034, %Failure,0
Time: 1051, Behaviour: 2, Fault: 1, n/a, 1 , DIAGNOSED ,Time Taken, 12, 
Time: 1663, Behaviour: 2, Fault: 1, n/a, 1 , DIAGNOSED ,Time Taken, 13, ELLIGIBLE
Time: 10946, Behaviour: 1, Fault: 1, n/a, 1 , DIAGNOSED ,Time Taken, 12, ELLIGIBLE
Time: 11560, Behaviour: 1, Fault: 4, n/a, 4 , DIAGNOSED ,Time Taken, 211, 
Time: 13345, Behaviour: 1, Fault: 6, n/a, 3 , DIAGNOSED ,Time Taken, 13, 
Time: 14369, Behaviour: 1, Fault: 1, n/a, 1 , DIAGNOSED ,Time Taken, 50, ELLIGIBLE
Time: 25350, Behaviour: 1, Fault: 5, 96.4993, 4 , CLASSIFIED ,
Time: 25951, Behaviour: 1, Fault: 3, 95.8315, 3 , CLASSIFIED ,
Time: 29192, Behaviour: 1, Fault: 1, 100, 1 , CLASSIFIED ,
Time: 30102, Behaviour: 2, Fault: 4, n/a, 4 , DIAGNOSED ,Time Taken, 116, ELLIGIBLE
Time: 31000, Behaviour: 2, Fault: 1, 93.5482, 1 , CLASSIFIED ,
Time: 31605, Behaviour: 2, Fault: 1, 70.3133, 70.3133, 1 , CLASSIFIED ,
Time: 32207, Behaviour: 2, Fault: 3, 99.486, 3 , CLASSIFIED ,
Time: 32822, Behaviour: 2, Fault: 4, 94.7946, 4 , CLASSIFIED ,
Time: 34332, Behaviour: 2, Fault: 1, 98.6842, 1 , CLASSIFIED ,
Time: 34944, Behaviour: 2, Fault: 4, 97.4308, 4 , CLASSIFIED ,
Total Faults, 16, Elligible Total, 13, DiagTot, 7, Elligible DiagTot, 4, FailTot, 0, MemoryTot, 9, %Memory,0.692308, %Failure,0
Time: 9181, Behaviour: 1, Fault: 1, n/a, 1 , DIAGNOSED ,Time Taken, 12, 
Time: 10048, Behaviour: 1, Fault: 6, n/a, 3 , DIAGNOSED ,Time Taken, 13, 
Time: 11475, Behaviour: 1, Fault: 1, n/a, 1 , DIAGNOSED ,Time Taken, 13, ELLIGIBLE
Time: 12095, Behaviour: 1, Fault: 1, n/a, 1 , DIAGNOSED ,Time Taken, 12, ELLIGIBLE
Time: 12852, Behaviour: 1, Fault: 1, n/a, 1 , DIAGNOSED ,Time Taken, 12, ELLIGIBLE
Time: 13508, Behaviour: 1, Fault: 4, n/a, 4 , DIAGNOSED ,Time Taken, 116, 
Time: 14224, Behaviour: 1, Fault: 2, n/a, 2 , DIAGNOSED ,Time Taken, 12, 
Time: 14854, Behaviour: 1, Fault: 4, 99.8335, 4 , CLASSIFIED ,
Time: 15555, Behaviour: 3, Fault: 4, n/a, 4 , DIAGNOSED ,Time Taken, 116, ELLIGIBLE
Time: 16552, Behaviour: 3, Fault: 6, n/a, 3 , DIAGNOSED ,Time Taken, 13, ELLIGIBLE
Time: 17165, Behaviour: 3, Fault: 2, 73.4104, 2 , CLASSIFIED ,
Time: 17767, Behaviour: 3, Fault: 3, 97.4407, 3 , CLASSIFIED ,
Time: 18524, Behaviour: 3, Fault: 1, 96.3436, 1 , CLASSIFIED ,
Time: 19273, Behaviour: 3, Fault: 1, 89.1438, 1 , CLASSIFIED ,
Time: 19875, Behaviour: 3, Fault: 3, 82.8099, 3 , CLASSIFIED ,
Time: 20477, Behaviour: 3, Fault: 6, 97.963, 3 , CLASSIFIED ,
Time: 21080, Behaviour: 3, Fault: 3, 92.3095, 3 , CLASSIFIED ,
Time: 21682, Behaviour: 3, Fault: 6, 67.4684, 3 , CLASSIFIED ,
Time: 23807, Behaviour: 3, Fault: 1, 99.5565, 1 , CLASSIFIED ,
Time: 24409, Behaviour: 3, Fault: 2, 91.2278, 2 , CLASSIFIED ,
Time: 25143, Behaviour: 1, Fault: 4, 97.8498, 4 , CLASSIFIED ,
Time: 25746, Behaviour: 1, Fault: 5, 99.8335, 4 , CLASSIFIED ,
Time: 26475, Behaviour: 1, Fault: 6, 95.0245, 3 , CLASSIFIED ,
Time: 27078, Behaviour: 1, Fault: 2, 100, 2 , CLASSIFIED ,
Time: 28203, Behaviour: 1, Fault: 1, n/a, 1 , DIAGNOSED ,Time Taken, 26, ELLIGIBLE
Time: 29462, Behaviour: 1, Fault: 6, 72.0325, 3 , CLASSIFIED ,
Time: 30065, Behaviour: 2, Fault: 6, 100, 3 , CLASSIFIED ,
Time: 30825, Behaviour: 2, Fault: 6, 88.3089, 3 , CLASSIFIED ,
Total Faults, 28, Elligible Total, 24, DiagTot, 10, Elligible DiagTot, 6, FailTot, 0, MemoryTot, 18, %Memory,0.75, %Failure,0
Time: 1948, Behaviour: 2, Fault: 1, n/a, 1 , DIAGNOSED ,Time Taken, 31, 
Time: 2767, Behaviour: 2, Fault: 6, n/a, 3 , DIAGNOSED ,Time Taken, 13, 
Time: 4232, Behaviour: 2, Fault: 4, n/a, 4 , DIAGNOSED ,Time Taken, 123, 
Time: 4955, Behaviour: 2, Fault: 3, 70.5777, 3 , CLASSIFIED ,
Time: 5557, Behaviour: 1, Fault: 2, n/a, 2 , DIAGNOSED ,Time Taken, 11, 
Time: 6168, Behaviour: 1, Fault: 2, 77.4272, 2 , CLASSIFIED ,
Time: 7161, Behaviour: 1, Fault: 6, 89.8113, 3 , CLASSIFIED ,
Time: 8178, Behaviour: 1, Fault: 1, n/a, 1 , DIAGNOSED ,Time Taken, 37, ELLIGIBLE
Time: 9396, Behaviour: 1, Fault: 5, n/a, 5 , DIAGNOSED ,Time Taken, 224, 
Time: 11171, Behaviour: 1, Fault: 3, 66.0225, 3 , CLASSIFIED ,
Time: 11865, Behaviour: 1, Fault: 4, 99.6667, 5 , CLASSIFIED ,
Time: 13695, Behaviour: 1, Fault: 4, 99.8335, 99.8335, 5 , CLASSIFIED ,
Time: 14296, Behaviour: 1, Fault: 3, 96.306, 3 , CLASSIFIED ,
Time: 14939, Behaviour: 1, Fault: 4, 99.8335, 5 , CLASSIFIED ,
Time: 15540, Behaviour: 3, Fault: 3, 100, 3 , CLASSIFIED ,
Time: 16142, Behaviour: 3, Fault: 2, 86.8439, 2 , CLASSIFIED ,
Time: 16744, Behaviour: 3, Fault: 2, 95.3255, 2 , CLASSIFIED ,
Time: 17346, Behaviour: 3, Fault: 3, 100, 100, 3 , CLASSIFIED ,
Time: 17948, Behaviour: 3, Fault: 2, 97.0085, 2 , CLASSIFIED ,
Time: 18550, Behaviour: 3, Fault: 2, 92.4567, 2 , CLASSIFIED ,
Time: 19291, Behaviour: 3, Fault: 1, 99.7783, 1 , CLASSIFIED ,
Time: 20072, Behaviour: 3, Fault: 4, n/a, 4 , DIAGNOSED ,Time Taken, 245, ELLIGIBLE
Time: 21028, Behaviour: 3, Fault: 6, 85.1678, 3 , CLASSIFIED ,
Time: 21630, Behaviour: 3, Fault: 2, 92.6562, 2 , CLASSIFIED ,
Time: 22241, Behaviour: 3, Fault: 4, 75.925, 4 , CLASSIFIED ,
Time: 23041, Behaviour: 3, Fault: 4, 87.5892, 4 , CLASSIFIED ,
Time: 23642, Behaviour: 3, Fault: 2, 97.9093, 2 , CLASSIFIED ,
Time: 27458, Behaviour: 1, Fault: 6, n/a, 3 , DIAGNOSED ,Time Taken, 72, ELLIGIBLE
Time: 28235, Behaviour: 1, Fault: 6, 91.9042, 91.9042, 91.9042, 3 , CLASSIFIED ,
Time: 28838, Behaviour: 1, Fault: 2, 97.0085, 2 , CLASSIFIED ,
Time: 29440, Behaviour: 1, Fault: 2, 87.2376, 2 , CLASSIFIED ,
Time: 30042, Behaviour: 2, Fault: 2, 92.3004, 2 , CLASSIFIED ,
Time: 30644, Behaviour: 2, Fault: 3, 90.6192, 90.6192, 3 , CLASSIFIED ,
Time: 31316, Behaviour: 2, Fault: 4, 86.8824, 4 , CLASSIFIED ,
Time: 35670, Behaviour: 3, Fault: 1, n/a, 1 , DIAGNOSED ,Time Taken, 13, ELLIGIBLE
Total Faults, 35, Elligible Total, 30, DiagTot, 9, Elligible DiagTot, 4, FailTot, 0, MemoryTot, 26, %Memory,0.866667, %Failure,0
Time: 5727, Behaviour: 1, Fault: 1, n/a, 1 , DIAGNOSED ,Time Taken, 31, 
Time: 6407, Behaviour: 1, Fault: 5, n/a, 5 , DIAGNOSED ,Time Taken, 166, 
Time: 7355, Behaviour: 1, Fault: 3, n/a, 3 , DIAGNOSED ,Time Taken, 13, 
Time: 7970, Behaviour: 1, Fault: 5, 96.7011, 5 , CLASSIFIED ,
Time: 8621, Behaviour: 1, Fault: 6, n/a, 3 , DIAGNOSED ,Time Taken, 13, 
Time: 9236, Behaviour: 1, Fault: 5, 99.3355, 5 , CLASSIFIED ,
Time: 10068, Behaviour: 1, Fault: 6, 76.2548, 3 , CLASSIFIED ,
Time: 10672, Behaviour: 1, Fault: 4, 100, 5 , CLASSIFIED ,
Time: 11452, Behaviour: 1, Fault: 5, 99.3339, 99.3339, 5 , CLASSIFIED ,
Time: 12090, Behaviour: 1, Fault: 6, 95.3231, 3 , CLASSIFIED ,
Time: 13897, Behaviour: 1, Fault: 5, 100, 100, 5 , CLASSIFIED ,
Time: 14764, Behaviour: 1, Fault: 5, 99.6672, 99.6672, 99.6672, 5 , CLASSIFIED ,
Time: 17369, Behaviour: 3, Fault: 6, 67.8786, 3 , CLASSIFIED ,
Time: 17971, Behaviour: 3, Fault: 2, n/a, 2 , DIAGNOSED ,Time Taken, 11, 
Time: 20370, Behaviour: 3, Fault: 1, n/a, 1 , DIAGNOSED ,Time Taken, 12, ELLIGIBLE
Time: 21243, Behaviour: 3, Fault: 1, 100, 1 , CLASSIFIED ,
Time: 21918, Behaviour: 3, Fault: 1, n/a, 1 , DIAGNOSED ,Time Taken, 19, ELLIGIBLE
Time: 22539, Behaviour: 3, Fault: 1, n/a, 1 , DIAGNOSED ,Time Taken, 12, ELLIGIBLE
Time: 23151, Behaviour: 3, Fault: 6, 93.026, 3 , CLASSIFIED ,
Time: 23753, Behaviour: 3, Fault: 2, 78.4315, 2 , CLASSIFIED ,
Time: 24355, Behaviour: 3, Fault: 2, 95.1233, 2 , CLASSIFIED ,
Time: 25249, Behaviour: 1, Fault: 4, 99.8335, 99.8335, 99.8335, 5 , CLASSIFIED ,
Time: 26034, Behaviour: 1, Fault: 4, 100, 100, 5 , CLASSIFIED ,
Time: 26669, Behaviour: 1, Fault: 5, 99.5012, 99.5012, 99.5012, 5 , CLASSIFIED ,
Time: 27270, Behaviour: 1, Fault: 2, 80.729, 2 , CLASSIFIED ,
Time: 27913, Behaviour: 1, Fault: 4, 100, 100, 100, 5 , CLASSIFIED ,
Time: 28514, Behaviour: 1, Fault: 2, 98.4263, 2 , CLASSIFIED ,
Time: 29117, Behaviour: 1, Fault: 2, 100, 2 , CLASSIFIED ,
Time: 29882, Behaviour: 1, Fault: 3, 70.3988, 3 , CLASSIFIED ,
Time: 30896, Behaviour: 2, Fault: 6, 95.349, 3 , CLASSIFIED ,
Time: 32864, Behaviour: 2, Fault: 1, n/a, 1 , DIAGNOSED ,Time Taken, 12, ELLIGIBLE
Time: 33599, Behaviour: 2, Fault: 4, n/a, 4 , DIAGNOSED ,Time Taken, 252, ELLIGIBLE
Time: 34451, Behaviour: 2, Fault: 3, 97.13, 3 , CLASSIFIED ,
Time: 35270, Behaviour: 3, Fault: 6, 96.6006, 3 , CLASSIFIED ,
Time: 35920, Behaviour: 3, Fault: 1, n/a, 1 , DIAGNOSED ,Time Taken, 12, ELLIGIBLE
Total Faults, 35, Elligible Total, 30, DiagTot, 11, Elligible DiagTot, 6, FailTot, 0, MemoryTot, 24, %Memory,0.8, %Failure,0
Time: 30983, Behaviour: 2, Fault: 1, n/a, 1 , DIAGNOSED ,Time Taken, 12, 
Time: 31597, Behaviour: 2, Fault: 4, n/a, 4 , DIAGNOSED ,Time Taken, 184, 
Time: 32816, Behaviour: 2, Fault: 4, 80.806, 4 , CLASSIFIED ,
Time: 33417, Behaviour: 2, Fault: 4, 90.3238, 4 , CLASSIFIED ,
Time: 34018, Behaviour: 2, Fault: 2, n/a, 2 , DIAGNOSED ,Time Taken, 11, 
Time: 34629, Behaviour: 2, Fault: 2, 94.9479, 2 , CLASSIFIED ,
Time: 35231, Behaviour: 3, Fault: 3, n/a, 3 , DIAGNOSED ,Time Taken, 13, 
Time: 35844, Behaviour: 3, Fault: 6, 89.2594, 3 , CLASSIFIED ,
Total Faults, 8, Elligible Total, 4, DiagTot, 4, Elligible DiagTot, 0, FailTot, 0, MemoryTot, 4, %Memory,1, %Failure,0
Time: 2885, Behaviour: 2, Fault: 1, n/a, 1 , DIAGNOSED ,Time Taken, 12, 
Time: 3497, Behaviour: 2, Fault: 3, n/a, 3 , DIAGNOSED ,Time Taken, 13, 
Time: 4533, Behaviour: 2, Fault: 4, n/a, 4 , DIAGNOSED ,Time Taken, 165, 
Time: 5298, Behaviour: 1, Fault: 3, 74.1596, 3 , CLASSIFIED ,
Time: 5900, Behaviour: 1, Fault: 2, n/a, 2 , DIAGNOSED ,Time Taken, 11, 
Time: 7809, Behaviour: 1, Fault: 6, 99.4875, 3 , CLASSIFIED ,
Time: 8411, Behaviour: 1, Fault: 2, 77.7062, 2 , CLASSIFIED ,
Time: 9020, Behaviour: 1, Fault: 3, 99.3174, 3 , CLASSIFIED ,
Time: 9625, Behaviour: 1, Fault: 5, n/a, 5 , DIAGNOSED ,Time Taken, 166, 
Time: 10391, Behaviour: 1, Fault: 3, 99.6579, 3 , CLASSIFIED ,
Time: 11020, Behaviour: 1, Fault: 5, 99.0005, 5 , CLASSIFIED ,
Time: 11621, Behaviour: 1, Fault: 6, 100, 3 , CLASSIFIED ,
Time: 12256, Behaviour: 1, Fault: 4, 99.8128, 4 , CLASSIFIED ,
Time: 13434, Behaviour: 1, Fault: 6, 99.3174, 99.3174, 3 , CLASSIFIED ,
Time: 14062, Behaviour: 1, Fault: 6, 68.4853, 3 , CLASSIFIED ,
Time: 14664, Behaviour: 1, Fault: 3, 100, 100, 3 , CLASSIFIED ,
Time: 25471, Behaviour: 1, Fault: 4, 99.5001, 5 , CLASSIFIED ,
Time: 26144, Behaviour: 1, Fault: 2, 98.9247, 2 , CLASSIFIED ,
Time: 26840, Behaviour: 1, Fault: 1, n/a, 1 , DIAGNOSED ,Time Taken, 12, ELLIGIBLE
Time: 27452, Behaviour: 1, Fault: 2, 97.413, 2 , CLASSIFIED ,
Time: 28056, Behaviour: 1, Fault: 4, 99.8335, 5 , CLASSIFIED ,
Time: 28784, Behaviour: 1, Fault: 4, 98.6689, 5 , CLASSIFIED ,
Time: 29386, Behaviour: 1, Fault: 2, 84.8392, 2 , CLASSIFIED ,
Time: 30059, Behaviour: 2, Fault: 1, 71.4286, 71.4286, FAILURE 3, n/a, 1 , DIAGNOSED ,Time Taken, 12, ELLIGIBLE
Time: 30686, Behaviour: 2, Fault: 1, 89.0609, 1 , CLASSIFIED ,
Time: 31561, Behaviour: 2, Fault: 1, n/a, 1 , DIAGNOSED ,Time Taken, 12, ELLIGIBLE
Time: 32173, Behaviour: 2, Fault: 2, 78.8744, 2 , CLASSIFIED ,
Time: 32835, Behaviour: 2, Fault: 6, 83.9665, 3 , CLASSIFIED ,
Time: 33484, Behaviour: 2, Fault: 4, 71.1837, 4 , CLASSIFIED ,
Time: 34085, Behaviour: 2, Fault: 6, 94.7761, 3 , CLASSIFIED ,
Time: 34688, Behaviour: 2, Fault: 2, 93.4445, 2 , CLASSIFIED ,
Total Faults, 31, Elligible Total, 26, DiagTot, 7, Elligible DiagTot, 2, FailTot, 1, MemoryTot, 23, %Memory,0.884615, %Failure,0.0416667
Time: 653, Behaviour: 2, Fault: 1, n/a, 1 , DIAGNOSED ,Time Taken, 12, 
Time: 1855, Behaviour: 2, Fault: 6, n/a, 3 , DIAGNOSED ,Time Taken, 13, 
Time: 2468, Behaviour: 2, Fault: 6, 96.6101, 3 , CLASSIFIED ,
Time: 3262, Behaviour: 2, Fault: 6, n/a, 3 , DIAGNOSED ,Time Taken, 13, ELLIGIBLE
Time: 3875, Behaviour: 2, Fault: 2, n/a, 2 , DIAGNOSED ,Time Taken, 11, 
Time: 5011, Behaviour: 1, Fault: 6, 66.4841, 3 , CLASSIFIED ,
Time: 5936, Behaviour: 1, Fault: 3, n/a, 3 , DIAGNOSED ,Time Taken, 13, 
Time: 6549, Behaviour: 1, Fault: 4, n/a, 4 , DIAGNOSED ,Time Taken, 116, 
Time: 7265, Behaviour: 1, Fault: 1, n/a, 1 , DIAGNOSED ,Time Taken, 12, ELLIGIBLE
Time: 8623, Behaviour: 1, Fault: 3, 81.6497, 3 , CLASSIFIED ,
Time: 9225, Behaviour: 1, Fault: 2, 76.3715, 2 , CLASSIFIED ,
Time: 9829, Behaviour: 1, Fault: 4, 97.6802, 4 , CLASSIFIED ,
Time: 10432, Behaviour: 1, Fault: 4, 99.8335, 4 , CLASSIFIED ,
Time: 11147, Behaviour: 1, Fault: 4, n/a, 4 , DIAGNOSED ,Time Taken, 116, ELLIGIBLE
Time: 14093, Behaviour: 1, Fault: 1, n/a, 1 , DIAGNOSED ,Time Taken, 58, ELLIGIBLE
Time: 14751, Behaviour: 1, Fault: 3, 92.0347, 3 , CLASSIFIED ,
Time: 15953, Behaviour: 3, Fault: 4, n/a, 4 , DIAGNOSED ,Time Taken, 186, ELLIGIBLE
Time: 16739, Behaviour: 3, Fault: 2, 98.4013, 2 , CLASSIFIED ,
Time: 17341, Behaviour: 3, Fault: 2, 86.3902, 2 , CLASSIFIED ,
Time: 17943, Behaviour: 3, Fault: 3, 98.4673, 3 , CLASSIFIED ,
Time: 18585, Behaviour: 3, Fault: 1, n/a, 1 , DIAGNOSED ,Time Taken, 12, ELLIGIBLE
Time: 19388, Behaviour: 3, Fault: 4, 71.3814, 4 , CLASSIFIED ,
Time: 20202, Behaviour: 3, Fault: 4, 88.514, 4 , CLASSIFIED ,
Time: 20911, Behaviour: 3, Fault: 6, n/a, 6 , DIAGNOSED ,Time Taken, 1773, ELLIGIBLE
Time: 23284, Behaviour: 3, Fault: 2, 85.1067, 2 , CLASSIFIED ,
Time: 23886, Behaviour: 3, Fault: 2, 99.4727, 2 , CLASSIFIED ,
Time: 24568, Behaviour: 3, Fault: 1, 94.511, 1 , CLASSIFIED ,
Time: 25170, Behaviour: 1, Fault: 3, 99.486, 3 , CLASSIFIED ,
Time: 25774, Behaviour: 1, Fault: 4, 100, 4 , CLASSIFIED ,
Time: 26377, Behaviour: 1, Fault: 5, 99.3355, 99.3355, 4 , CLASSIFIED ,
Time: 26978, Behaviour: 1, Fault: 2, 82.1822, 2 , CLASSIFIED ,
Time: 28942, Behaviour: 1, Fault: 1, 100, 1 , CLASSIFIED ,
Time: 29789, Behaviour: 1, Fault: 1, n/a, 1 , DIAGNOSED ,Time Taken, 13, ELLIGIBLE
Time: 30469, Behaviour: 2, Fault: 6, 81.7207, 3 , CLASSIFIED ,
Time: 32355, Behaviour: 2, Fault: 1, 99.7783, 1 , CLASSIFIED ,
Time: 33829, Behaviour: 2, Fault: 4, 89.3138, 4 , CLASSIFIED ,
Time: 35506, Behaviour: 3, Fault: 1, n/a, 1 , DIAGNOSED ,Time Taken, 15, ELLIGIBLE
Total Faults, 37, Elligible Total, 32, DiagTot, 14, Elligible DiagTot, 9, FailTot, 0, MemoryTot, 23, %Memory,0.71875, %Failure,0
Time: 1607, Behaviour: 2, Fault: 1, n/a, 1 , DIAGNOSED ,Time Taken, 12, 
Time: 2219, Behaviour: 2, Fault: 3, n/a, 3 , DIAGNOSED ,Time Taken, 13, 
Time: 3360, Behaviour: 2, Fault: 1, n/a, 1 , DIAGNOSED ,Time Taken, 15, ELLIGIBLE
Time: 3975, Behaviour: 2, Fault: 2, n/a, 2 , DIAGNOSED ,Time Taken, 11, 
Time: 4586, Behaviour: 2, Fault: 6, 92.1902, 3 , CLASSIFIED ,
Time: 5355, Behaviour: 1, Fault: 5, n/a, 5 , DIAGNOSED ,Time Taken, 165, 
Time: 6120, Behaviour: 1, Fault: 3, 96.1308, 3 , CLASSIFIED ,
Time: 6749, Behaviour: 1, Fault: 5, 91.376, 5 , CLASSIFIED ,
Time: 7353, Behaviour: 1, Fault: 4, n/a, 4 , DIAGNOSED ,Time Taken, 117, 
Time: 8070, Behaviour: 1, Fault: 3, 99.3178, 3 , CLASSIFIED ,
Time: 8740, Behaviour: 1, Fault: 5, 97.8401, 5 , CLASSIFIED ,
Time: 9343, Behaviour: 1, Fault: 5, 99.1668, 5 , CLASSIFIED ,
Time: 10085, Behaviour: 1, Fault: 4, 97.6934, 5 , CLASSIFIED ,
Time: 10686, Behaviour: 1, Fault: 1, n/a, 1 , DIAGNOSED ,Time Taken, 12, ELLIGIBLE
Time: 11575, Behaviour: 1, Fault: 2, 82.3005, 2 , CLASSIFIED ,
Time: 12180, Behaviour: 1, Fault: 4, 99.5001, 5 , CLASSIFIED ,
Time: 12782, Behaviour: 1, Fault: 3, 99.486, 3 , CLASSIFIED ,
Time: 13541, Behaviour: 1, Fault: 5, 96.5012, 5 , CLASSIFIED ,
Time: 14177, Behaviour: 1, Fault: 5, 99.3339, 5 , CLASSIFIED ,
Time: 14779, Behaviour: 1, Fault: 3, 100, 3 , CLASSIFIED ,
Time: 15381, Behaviour: 3, Fault: 3, 93.7533, 3 , CLASSIFIED ,
Time: 16161, Behaviour: 3, Fault: 1, n/a, 1 , DIAGNOSED ,Time Taken, 20, ELLIGIBLE
Time: 18990, Behaviour: 3, Fault: 1, 99.7783, 1 , CLASSIFIED ,
Time: 22422, Behaviour: 3, Fault: 1, n/a, 1 , DIAGNOSED ,Time Taken, 12, ELLIGIBLE
Time: 23186, Behaviour: 3, Fault: 1, 99.5565, 1 , CLASSIFIED ,
Time: 24975, Behaviour: 3, Fault: 6, n/a, 3 , DIAGNOSED ,Time Taken, 13, ELLIGIBLE
Time: 25590, Behaviour: 1, Fault: 4, 99.8335, 5 , CLASSIFIED ,
Time: 26281, Behaviour: 1, Fault: 3, 100, 100, 3 , CLASSIFIED ,
Time: 27060, Behaviour: 1, Fault: 1, n/a, 1 , DIAGNOSED ,Time Taken, 13, ELLIGIBLE
Time: 27675, Behaviour: 1, Fault: 5, 99.6667, 5 , CLASSIFIED ,
Time: 28278, Behaviour: 1, Fault: 4, 83.04, 5 , CLASSIFIED ,
Time: 28881, Behaviour: 1, Fault: 5, 99.0006, 5 , CLASSIFIED ,
Time: 29489, Behaviour: 1, Fault: 6, 82.5652, 82.5652, 82.5652, 3 , CLASSIFIED ,
Time: 30391, Behaviour: 2, Fault: 6, 77.8989, 3 , CLASSIFIED ,
Time: 31321, Behaviour: 2, Fault: 6, 84.6325, 3 , CLASSIFIED ,
Time: 31937, Behaviour: 2, Fault: 4, n/a, 4 , DIAGNOSED ,Time Taken, 116, ELLIGIBLE
Time: 33062, Behaviour: 2, Fault: 4, 78.5387, 4 , CLASSIFIED ,
Time: 33663, Behaviour: 2, Fault: 2, n/a, 2 , DIAGNOSED ,Time Taken, 11, ELLIGIBLE
Time: 34544, Behaviour: 2, Fault: 4, 94.2351, 4 , CLASSIFIED ,
Time: 35653, Behaviour: 3, Fault: 1, 99.5565, 1 , CLASSIFIED ,
Total Faults, 40, Elligible Total, 35, DiagTot, 13, Elligible DiagTot, 8, FailTot, 0, MemoryTot, 27, %Memory,0.771429, %Failure,0
Time: 29833, Behaviour: 1, Fault: 1, n/a, 1 , DIAGNOSED ,Time Taken, 12, 
Time: 30911, Behaviour: 2, Fault: 1, n/a, 1 , DIAGNOSED ,Time Taken, 12, ELLIGIBLE
Time: 31523, Behaviour: 2, Fault: 2, n/a, 2 , DIAGNOSED ,Time Taken, 15, 
Time: 32637, Behaviour: 2, Fault: 1, 96.7801, 1 , CLASSIFIED ,
Time: 33239, Behaviour: 2, Fault: 3, n/a, 3 , DIAGNOSED ,Time Taken, 13, 
Time: 35801, Behaviour: 3, Fault: 1, 99.5565, 1 , CLASSIFIED ,
Total Faults, 6, Elligible Total, 3, DiagTot, 4, Elligible DiagTot, 1, FailTot, 0, MemoryTot, 2, %Memory,0.666667, %Failure,0
Time: 1140, Behaviour: 2, Fault: 1, n/a, 1 , DIAGNOSED ,Time Taken, 13, 
Time: 1753, Behaviour: 2, Fault: 3, n/a, 3 , DIAGNOSED ,Time Taken, 13, 
Time: 3041, Behaviour: 2, Fault: 6, n/a, 3 , DIAGNOSED ,Time Taken, 55, 
Time: 14937, Behaviour: 1, Fault: 1, n/a, 1 , DIAGNOSED ,Time Taken, 12, ELLIGIBLE
Time: 15549, Behaviour: 3, Fault: 2, n/a, 2 , DIAGNOSED ,Time Taken, 11, 
Time: 16160, Behaviour: 3, Fault: 6, n/a, 3 , DIAGNOSED ,Time Taken, 13, ELLIGIBLE
Time: 16773, Behaviour: 3, Fault: 2, 90.2344, 2 , CLASSIFIED ,
Time: 17685, Behaviour: 3, Fault: 4, n/a, 4 , DIAGNOSED ,Time Taken, 192, 
Time: 18477, Behaviour: 3, Fault: 2, 77.3871, 2 , CLASSIFIED ,
Time: 19079, Behaviour: 3, Fault: 2, 92.924, 2 , CLASSIFIED ,
Time: 19683, Behaviour: 3, Fault: 2, 84.9889, 2 , CLASSIFIED ,
Time: 20285, Behaviour: 3, Fault: 2, 84.3881, 2 , CLASSIFIED ,
Time: 20887, Behaviour: 3, Fault: 3, 89.2116, 3 , CLASSIFIED ,
Time: 23407, Behaviour: 3, Fault: 6, 69.5345, 3 , CLASSIFIED ,
Time: 24141, Behaviour: 3, Fault: 1, 99.3377, 1 , CLASSIFIED ,
Time: 24745, Behaviour: 3, Fault: 1, n/a, 1 , DIAGNOSED ,Time Taken, 13, ELLIGIBLE
Time: 25360, Behaviour: 1, Fault: 4, 68.3369, FAILURE 1, n/a, 4 , DIAGNOSED ,Time Taken, 116, ELLIGIBLE
Time: 27250, Behaviour: 1, Fault: 3, 66.1347, 3 , CLASSIFIED ,
Time: 27854, Behaviour: 1, Fault: 4, 99.8335, 4 , CLASSIFIED ,
Time: 28455, Behaviour: 1, Fault: 3, 89.4865, 3 , CLASSIFIED ,
Time: 29111, Behaviour: 1, Fault: 3, 96.1567, 3 , CLASSIFIED ,
Time: 29715, Behaviour: 1, Fault: 5, 99.3355, 4 , CLASSIFIED ,
Time: 30316, Behaviour: 2, Fault: 1, 96.5452, 1 , CLASSIFIED ,
Time: 31070, Behaviour: 2, Fault: 4, 79.0075, 4 , CLASSIFIED ,
Time: 31671, Behaviour: 2, Fault: 2, 95.5067, 2 , CLASSIFIED ,
Time: 33270, Behaviour: 2, Fault: 1, n/a, 1 , DIAGNOSED ,Time Taken, 30, ELLIGIBLE
Time: 34333, Behaviour: 2, Fault: 4, 75.3491, 4 , CLASSIFIED ,
Total Faults, 27, Elligible Total, 22, DiagTot, 9, Elligible DiagTot, 4, FailTot, 1, MemoryTot, 17, %Memory,0.772727, %Failure,0.0555556
Time: 807, Behaviour: 2, Fault: 1, n/a, 1 , DIAGNOSED ,Time Taken, 13, 
Time: 1484, Behaviour: 2, Fault: 4, n/a, 4 , DIAGNOSED ,Time Taken, 332, 
Time: 2436, Behaviour: 2, Fault: 4, 99.4387, 4 , CLASSIFIED ,
Time: 3037, Behaviour: 2, Fault: 3, n/a, 3 , DIAGNOSED ,Time Taken, 14, 
Time: 3651, Behaviour: 2, Fault: 3, 93.505, 3 , CLASSIFIED ,
Time: 4253, Behaviour: 2, Fault: 2, n/a, 2 , DIAGNOSED ,Time Taken, 11, 
Time: 5163, Behaviour: 1, Fault: 1, n/a, 1 , DIAGNOSED ,Time Taken, 14, ELLIGIBLE
Time: 5779, Behaviour: 1, Fault: 5, n/a, 5 , DIAGNOSED ,Time Taken, 165, 
Time: 7175, Behaviour: 1, Fault: 6, 86.6227, 3 , CLASSIFIED ,
Time: 7777, Behaviour: 1, Fault: 6, 99.3174, 3 , CLASSIFIED ,
Time: 8380, Behaviour: 1, Fault: 3, 100, 3 , CLASSIFIED ,
Time: 9339, Behaviour: 1, Fault: 6, 100, 100, 3 , CLASSIFIED ,
Time: 9984, Behaviour: 1, Fault: 6, 100, 100, 100, 3 , CLASSIFIED ,
Time: 10586, Behaviour: 1, Fault: 2, 80.0222, 2 , CLASSIFIED ,
Time: 11725, Behaviour: 1, Fault: 6, 75.0571, 75.0571, 75.0571, 75.0571, 3 , CLASSIFIED ,
Time: 12334, Behaviour: 1, Fault: 3, 94.8853, 3 , CLASSIFIED ,
Time: 12938, Behaviour: 1, Fault: 5, 99.3339, 5 , CLASSIFIED ,
Time: 13788, Behaviour: 1, Fault: 6, 86.2456, 3 , CLASSIFIED ,
Time: 14985, Behaviour: 1, Fault: 1, n/a, 1 , DIAGNOSED ,Time Taken, 12, ELLIGIBLE
Time: 15597, Behaviour: 3, Fault: 2, 96.4269, 2 , CLASSIFIED ,
Time: 16200, Behaviour: 3, Fault: 2, 99.4681, 2 , CLASSIFIED ,
Time: 16804, Behaviour: 3, Fault: 4, n/a, 4 , DIAGNOSED ,Time Taken, 318, ELLIGIBLE
Time: 18498, Behaviour: 3, Fault: 6, n/a, 3 , DIAGNOSED ,Time Taken, 13, ELLIGIBLE
Time: 19299, Behaviour: 3, Fault: 2, 98.9247, 2 , CLASSIFIED ,
Time: 20115, Behaviour: 3, Fault: 1, 72.662, 1 , CLASSIFIED ,
Time: 20872, Behaviour: 3, Fault: 4, 70.9751, 4 , CLASSIFIED ,
Time: 21685, Behaviour: 3, Fault: 1, 93.2258, 1 , CLASSIFIED ,
Time: 22288, Behaviour: 3, Fault: 2, 70.5383, 2 , CLASSIFIED ,
Time: 23606, Behaviour: 3, Fault: 4, 96.4905, 4 , CLASSIFIED ,
Time: 24752, Behaviour: 3, Fault: 6, 92.1024, 92.1024, 3 , CLASSIFIED ,
Time: 25435, Behaviour: 1, Fault: 6, 90.6916, 3 , CLASSIFIED ,
Time: 26050, Behaviour: 1, Fault: 3, 92.1024, 3 , CLASSIFIED ,
Time: 26652, Behaviour: 1, Fault: 3, 100, 3 , CLASSIFIED ,
Time: 27275, Behaviour: 1, Fault: 1, 71.4286, 71.4286, FAILURE 3, n/a, 1 , DIAGNOSED ,Time Taken, 12, ELLIGIBLE
Time: 27887, Behaviour: 1, Fault: 2, 87.1989, 2 , CLASSIFIED ,
Time: 28489, Behaviour: 1, Fault: 2, 100, 2 , CLASSIFIED ,
Time: 29209, Behaviour: 1, Fault: 2, 100, 2 , CLASSIFIED ,
Time: 30249, Behaviour: 2, Fault: 1, 92.6059, 1 , CLASSIFIED ,
Time: 31242, Behaviour: 2, Fault: 6, 97.9567, 97.9567, 3 , CLASSIFIED ,
Time: 31846, Behaviour: 2, Fault: 4, 99.6262, 4 , CLASSIFIED ,
Time: 32481, Behaviour: 2, Fault: 4, 98.3358, 4 , CLASSIFIED ,
Time: 33082, Behaviour: 2, Fault: 3, 82.8319, 3 , CLASSIFIED ,
Time: 33684, Behaviour: 2, Fault: 3, 89.322, 3 , CLASSIFIED ,
Total Faults, 43, Elligible Total, 38, DiagTot, 9, Elligible DiagTot, 4, FailTot, 1, MemoryTot, 33, %Memory,0.868421, %Failure,0.0294118
Time: 627, Behaviour: 2, Fault: 1, n/a, 1 , DIAGNOSED ,Time Taken, 12, 
Time: 1763, Behaviour: 2, Fault: 1, n/a, 1 , DIAGNOSED ,Time Taken, 12, ELLIGIBLE
Time: 3598, Behaviour: 2, Fault: 1, n/a, 1 , DIAGNOSED ,Time Taken, 12, ELLIGIBLE
Time: 4210, Behaviour: 2, Fault: 3, n/a, 3 , DIAGNOSED ,Time Taken, 13, 
Time: 4823, Behaviour: 2, Fault: 3, 92.7786, 3 , CLASSIFIED ,
Time: 5428, Behaviour: 1, Fault: 4, n/a, 4 , DIAGNOSED ,Time Taken, 116, 
Time: 6144, Behaviour: 1, Fault: 6, n/a, 3 , DIAGNOSED ,Time Taken, 15, 
Time: 6838, Behaviour: 1, Fault: 6, 97.4404, 3 , CLASSIFIED ,
Time: 7442, Behaviour: 1, Fault: 5, 99.5012, 4 , CLASSIFIED ,
Time: 8217, Behaviour: 1, Fault: 3, 98.9784, 3 , CLASSIFIED ,
Time: 9050, Behaviour: 1, Fault: 6, 100, 3 , CLASSIFIED ,
Time: 9715, Behaviour: 1, Fault: 5, 99.1668, 4 , CLASSIFIED ,
Time: 10318, Behaviour: 1, Fault: 5, 99.8335, 4 , CLASSIFIED ,
Time: 10919, Behaviour: 1, Fault: 3, 81.5258, 3 , CLASSIFIED ,
Time: 11934, Behaviour: 1, Fault: 2, n/a, 2 , DIAGNOSED ,Time Taken, 11, 
Time: 13644, Behaviour: 1, Fault: 6, 72.718, 3 , CLASSIFIED ,
Time: 14555, Behaviour: 1, Fault: 4, 99.8335, 4 , CLASSIFIED ,
Time: 26366, Behaviour: 1, Fault: 1, n/a, 1 , DIAGNOSED ,Time Taken, 12, ELLIGIBLE
Time: 26978, Behaviour: 1, Fault: 2, 98.9247, 2 , CLASSIFIED ,
Time: 27609, Behaviour: 1, Fault: 1, 100, 1 , CLASSIFIED ,
Time: 28263, Behaviour: 1, Fault: 6, 97.6578, 3 , CLASSIFIED ,
Time: 28865, Behaviour: 1, Fault: 6, 87.1177, 3 , CLASSIFIED ,
Time: 29864, Behaviour: 1, Fault: 1, 72.5364, 1 , CLASSIFIED ,
Time: 30539, Behaviour: 2, Fault: 6, 99.486, 99.486, 3 , CLASSIFIED ,
Time: 31141, Behaviour: 2, Fault: 3, 97.3073, 3 , CLASSIFIED ,
Time: 32948, Behaviour: 2, Fault: 4, n/a, 4 , DIAGNOSED ,Time Taken, 208, ELLIGIBLE
Time: 33965, Behaviour: 2, Fault: 1, n/a, 1 , DIAGNOSED ,Time Taken, 13, ELLIGIBLE
Time: 34578, Behaviour: 2, Fault: 3, 88.8562, 3 , CLASSIFIED ,
Time: 35323, Behaviour: 3, Fault: 4, 87.6911, 4 , CLASSIFIED ,
Total Faults, 29, Elligible Total, 24, DiagTot, 10, Elligible DiagTot, 5, FailTot, 0, MemoryTot, 19, %Memory,0.791667, %Failure,0
Time: 1238, Behaviour: 2, Fault: 1, n/a, 1 , DIAGNOSED ,Time Taken, 22, 
Time: 1860, Behaviour: 2, Fault: 2, n/a, 2 , DIAGNOSED ,Time Taken, 18, 
Time: 2829, Behaviour: 2, Fault: 4, n/a, 4 , DIAGNOSED ,Time Taken, 116, 
Time: 3993, Behaviour: 2, Fault: 4, 96.2258, 4 , CLASSIFIED ,
Time: 4624, Behaviour: 2, Fault: 6, n/a, 3 , DIAGNOSED ,Time Taken, 13, 
Time: 5243, Behaviour: 1, Fault: 4, n/a, 4 , DIAGNOSED ,Time Taken, 116, ELLIGIBLE
Time: 6093, Behaviour: 1, Fault: 5, n/a, 5 , DIAGNOSED ,Time Taken, 165, 
Time: 6858, Behaviour: 1, Fault: 3, 68.7201, 3 , CLASSIFIED ,
Time: 7701, Behaviour: 1, Fault: 6, 75.7265, 3 , CLASSIFIED ,
Time: 8306, Behaviour: 1, Fault: 1, 69.2798, FAILURE 3, 69.2798, FAILURE 3, n/a, 1 , DIAGNOSED ,Time Taken, 19, ELLIGIBLE
Time: 9746, Behaviour: 1, Fault: 3, 83.5227, 3 , CLASSIFIED ,
Time: 10349, Behaviour: 1, Fault: 2, 73.783, 2 , CLASSIFIED ,
Time: 12181, Behaviour: 1, Fault: 4, 99.5001, 5 , CLASSIFIED ,
Time: 13180, Behaviour: 1, Fault: 6, 88.8889, 3 , CLASSIFIED ,
Time: 14278, Behaviour: 1, Fault: 5, 99.3339, 5 , CLASSIFIED ,
Time: 14879, Behaviour: 1, Fault: 2, 91.998, 2 , CLASSIFIED ,
Time: 15481, Behaviour: 3, Fault: 2, 88.475, 2 , CLASSIFIED ,
Time: 17185, Behaviour: 3, Fault: 1, 88.5429, 1 , CLASSIFIED ,
Time: 17892, Behaviour: 3, Fault: 4, 72.5226, 4 , CLASSIFIED ,
Time: 18567, Behaviour: 3, Fault: 1, 88.5565, 1 , CLASSIFIED ,
Time: 21485, Behaviour: 3, Fault: 6, 89.487, 3 , CLASSIFIED ,
Time: 22334, Behaviour: 3, Fault: 1, n/a, 1 , DIAGNOSED ,Time Taken, 31, ELLIGIBLE
Time: 22965, Behaviour: 3, Fault: 3, 94.8472, 3 , CLASSIFIED ,
Time: 23567, Behaviour: 3, Fault: 6, 99.6573, 3 , CLASSIFIED ,
Time: 24169, Behaviour: 3, Fault: 6, 99.8288, 3 , CLASSIFIED ,
Time: 26343, Behaviour: 1, Fault: 6, 95.0835, 3 , CLASSIFIED ,
Time: 27377, Behaviour: 1, Fault: 1, 71.3746, 1 , CLASSIFIED ,
Time: 28042, Behaviour: 1, Fault: 4, 99.8335, 5 , CLASSIFIED ,
Time: 28816, Behaviour: 1, Fault: 4, 95.503, 5 , CLASSIFIED ,
Time: 29422, Behaviour: 1, Fault: 4, 100, 5 , CLASSIFIED ,
Time: 30769, Behaviour: 2, Fault: 6, 93.5823, 3 , CLASSIFIED ,
Time: 31392, Behaviour: 2, Fault: 4, 70.9292, 4 , CLASSIFIED ,
Time: 31993, Behaviour: 2, Fault: 2, 69.8923, 2 , CLASSIFIED ,
Time: 32595, Behaviour: 2, Fault: 3, 76.7895, 3 , CLASSIFIED ,
Time: 33620, Behaviour: 2, Fault: 6, 86.8166, 3 , CLASSIFIED ,
Time: 34662, Behaviour: 2, Fault: 1, n/a, 1 , DIAGNOSED ,Time Taken, 12, ELLIGIBLE
Time: 35376, Behaviour: 3, Fault: 4, 88.8644, 4 , CLASSIFIED ,
Time: 35977, Behaviour: 3, Fault: 1, n/a, 1 , DIAGNOSED ,Time Taken, 12, ELLIGIBLE
Total Faults, 38, Elligible Total, 33, DiagTot, 8, Elligible DiagTot, 3, FailTot, 2, MemoryTot, 28, %Memory,0.848485, %Failure,0.0666667
Time: 826, Behaviour: 2, Fault: 1, n/a, 1 , DIAGNOSED ,Time Taken, 12, 
Time: 1497, Behaviour: 2, Fault: 6, n/a, 3 , DIAGNOSED ,Time Taken, 13, 
Time: 2110, Behaviour: 2, Fault: 3, 66.6329, 3 , CLASSIFIED ,
Time: 2802, Behaviour: 2, Fault: 4, n/a, 4 , DIAGNOSED ,Time Taken, 220, 
Time: 3622, Behaviour: 2, Fault: 2, n/a, 2 , DIAGNOSED ,Time Taken, 11, 
Time: 4233, Behaviour: 2, Fault: 3, 97.5162, 3 , CLASSIFIED ,
Time: 4837, Behaviour: 2, Fault: 2, 92.7794, 2 , CLASSIFIED ,
Time: 5637, Behaviour: 1, Fault: 1, n/a, 1 , DIAGNOSED ,Time Taken, 12, ELLIGIBLE
Time: 6249, Behaviour: 1, Fault: 3, 86.0287, 3 , CLASSIFIED ,
Time: 7115, Behaviour: 1, Fault: 6, 89.1024, 3 , CLASSIFIED ,
Time: 8265, Behaviour: 1, Fault: 3, 96.4833, 3 , CLASSIFIED ,
Time: 8870, Behaviour: 1, Fault: 4, n/a, 4 , DIAGNOSED ,Time Taken, 117, ELLIGIBLE
Time: 9728, Behaviour: 1, Fault: 4, 97.342, 4 , CLASSIFIED ,
Time: 10329, Behaviour: 1, Fault: 3, 100, 3 , CLASSIFIED ,
Time: 11415, Behaviour: 1, Fault: 1, 87.9664, 1 , CLASSIFIED ,
Time: 12449, Behaviour: 1, Fault: 4, 99.8335, 4 , CLASSIFIED ,
Time: 13052, Behaviour: 1, Fault: 5, 99.6667, 4 , CLASSIFIED ,
Time: 13653, Behaviour: 1, Fault: 3, 100, 100, 3 , CLASSIFIED ,
Time: 14255, Behaviour: 1, Fault: 2, 82.7665, 2 , CLASSIFIED ,
Time: 14858, Behaviour: 1, Fault: 2, 78.9452, 2 , CLASSIFIED ,
Time: 15460, Behaviour: 3, Fault: 3, DECENTRALISED, 95.833, 3 , CLASSIFIED ,
Time: 16071, Behaviour: 3, Fault: 4, 70.6229, 4 , CLASSIFIED ,
Time: 16885, Behaviour: 3, Fault: 1, n/a, 1 , DIAGNOSED ,Time Taken, 12, ELLIGIBLE
Time: 18200, Behaviour: 3, Fault: 6, 98.6361, 98.6361, 98.6361, 3 , CLASSIFIED ,
Time: 18889, Behaviour: 3, Fault: 6, 84.4004, 3 , CLASSIFIED ,
Time: 19883, Behaviour: 3, Fault: 1, 92.655, 1 , CLASSIFIED ,
Time: 20512, Behaviour: 3, Fault: 1, n/a, 1 , DIAGNOSED ,Time Taken, 12, ELLIGIBLE
Time: 21365, Behaviour: 3, Fault: 4, 91.6783, 4 , CLASSIFIED ,
Time: 22524, Behaviour: 3, Fault: 1, n/a, 1 , DIAGNOSED ,Time Taken, 56, ELLIGIBLE
Time: 23180, Behaviour: 3, Fault: 2, 95.6421, 2 , CLASSIFIED ,
Time: 23785, Behaviour: 3, Fault: 4, 92.6059, 4 , CLASSIFIED ,
Time: 24693, Behaviour: 3, Fault: 4, 94.2528, 4 , CLASSIFIED ,
Time: 25294, Behaviour: 1, Fault: 4, 98.8368, 4 , CLASSIFIED ,
Time: 26067, Behaviour: 1, Fault: 3, 83.666, 3 , CLASSIFIED ,
Time: 26831, Behaviour: 1, Fault: 6, 97.1407, 3 , CLASSIFIED ,
Time: 27435, Behaviour: 1, Fault: 5, 98.6716, 4 , CLASSIFIED ,
Time: 28036, Behaviour: 1, Fault: 2, 88.01, 2 , CLASSIFIED ,
Time: 28949, Behaviour: 1, Fault: 3, 81.6497, 3 , CLASSIFIED ,
Time: 29567, Behaviour: 1, Fault: 4, 97.6716, 4 , CLASSIFIED ,
Total Faults, 39, Elligible Total, 35, DiagTot, 9, Elligible DiagTot, 5, FailTot, 0, MemoryTot, 30, %Memory,0.857143, %Failure,0
Time: 1098, Behaviour: 2, Fault: 1, n/a, 1 , DIAGNOSED ,Time Taken, 49, 
Time: 2533, Behaviour: 2, Fault: 1, 96.1101, 1 , CLASSIFIED ,
Time: 3575, Behaviour: 2, Fault: 4, n/a, 4 , DIAGNOSED ,Time Taken, 260, 
Time: 4435, Behaviour: 2, Fault: 2, n/a, 2 , DIAGNOSED ,Time Taken, 43, 
Time: 5078, Behaviour: 1, Fault: 2, 92.8917, 2 , CLASSIFIED ,
Time: 5684, Behaviour: 1, Fault: 4, n/a, 4 , DIAGNOSED ,Time Taken, 116, ELLIGIBLE
Time: 6462, Behaviour: 1, Fault: 1, n/a, 1 , DIAGNOSED ,Time Taken, 12, ELLIGIBLE
Time: 7074, Behaviour: 1, Fault: 3, n/a, 3 , DIAGNOSED ,Time Taken, 13, 
Time: 8312, Behaviour: 1, Fault: 1, n/a, 1 , DIAGNOSED ,Time Taken, 35, ELLIGIBLE
Time: 9522, Behaviour: 1, Fault: 6, 86.9226, 3 , CLASSIFIED ,
Time: 10124, Behaviour: 1, Fault: 2, 74.4958, 2 , CLASSIFIED ,
Time: 10726, Behaviour: 1, Fault: 3, 99.6579, 3 , CLASSIFIED ,
Time: 11328, Behaviour: 1, Fault: 6, 100, 3 , CLASSIFIED ,
Time: 12085, Behaviour: 1, Fault: 4, 100, 4 , CLASSIFIED ,
Time: 12844, Behaviour: 1, Fault: 6, 67.1514, 67.1514, 3 , CLASSIFIED ,
Time: 13487, Behaviour: 1, Fault: 6, 100, 100, 3 , CLASSIFIED ,
Time: 14516, Behaviour: 1, Fault: 6, 97.2959, 97.2959, 97.2959, 3 , CLASSIFIED ,
Time: 15212, Behaviour: 3, Fault: 4, 86.7766, 4 , CLASSIFIED ,
Time: 21437, Behaviour: 3, Fault: 1, 97.8172, 1 , CLASSIFIED ,
Time: 26105, Behaviour: 1, Fault: 1, 71.5077, 1 , CLASSIFIED ,
Time: 26976, Behaviour: 1, Fault: 5, 99.8335, 99.8335, 4 , CLASSIFIED ,
Time: 27579, Behaviour: 1, Fault: 4, 99.6667, 99.6667, 4 , CLASSIFIED ,
Time: 28287, Behaviour: 1, Fault: 1, 78.0346, 1 , CLASSIFIED ,
Time: 29542, Behaviour: 1, Fault: 6, 78.8502, 3 , CLASSIFIED ,
Total Faults, 24, Elligible Total, 20, DiagTot, 7, Elligible DiagTot, 3, FailTot, 0, MemoryTot, 17, %Memory,0.85, %Failure,0
