Time: 1389, Behaviour: 2, Fault: 1, n/a, 1 , DIAGNOSED ,Time Taken, 12, 
Time: 5248, Behaviour: 1, Fault: 1, 100, 1 , CLASSIFIED ,
Time: 5850, Behaviour: 1, Fault: 2, n/a, 2 , DIAGNOSED ,Time Taken, 45, 
Time: 6495, Behaviour: 1, Fault: 2, 100, 2 , CLASSIFIED ,
Time: 7500, Behaviour: 1, Fault: 6, n/a, 3 , DIAGNOSED ,Time Taken, 56, 
Time: 12708, Behaviour: 1, Fault: 4, n/a, 4 , DIAGNOSED ,Time Taken, 117, 
Time: 13487, Behaviour: 1, Fault: 6, n/a, 3 , DIAGNOSED ,Time Taken, 13, ELLIGIBLE
Time: 14150, Behaviour: 1, Fault: 1, n/a, 1 , DIAGNOSED ,Time Taken, 12, ELLIGIBLE
Time: 14764, Behaviour: 1, Fault: 4, n/a, 4 , DIAGNOSED ,Time Taken, 116, ELLIGIBLE
Time: 15646, Behaviour: 3, Fault: 4, n/a, 4 , DIAGNOSED ,Time Taken, 116, ELLIGIBLE
Time: 19465, Behaviour: 3, Fault: 6, 94.4308, 3 , CLASSIFIED ,
Time: 20151, Behaviour: 3, Fault: 1, n/a, 1 , DIAGNOSED ,Time Taken, 12, ELLIGIBLE
Time: 20763, Behaviour: 3, Fault: 3, 72.3121, 3 , CLASSIFIED ,
Time: 21365, Behaviour: 3, Fault: 3, 89.1249, 3 , CLASSIFIED ,
Time: 22009, Behaviour: 3, Fault: 4, 78.6317, 4 , CLASSIFIED ,
Time: 22610, Behaviour: 3, Fault: 3, 92.0064, 3 , CLASSIFIED ,
Time: 23522, Behaviour: 3, Fault: 4, 97.0263, 4 , CLASSIFIED ,
Time: 24123, Behaviour: 3, Fault: 2, 96.9166, 96.9166, 2 , CLASSIFIED ,
Time: 24841, Behaviour: 3, Fault: 4, 86.0692, 4 , CLASSIFIED ,
Time: 25442, Behaviour: 1, Fault: 2, 100, 100, 2 , CLASSIFIED ,
Time: 26077, Behaviour: 1, Fault: 6, 95.9601, 3 , CLASSIFIED ,
Time: 26679, Behaviour: 1, Fault: 2, 98.9285, 98.9285, 2 , CLASSIFIED ,
Time: 28639, Behaviour: 1, Fault: 1, 98.6754, 1 , CLASSIFIED ,
Time: 29374, Behaviour: 1, Fault: 6, 95.9421, 3 , CLASSIFIED ,
Time: 29976, Behaviour: 1, Fault: 3, 94.139, 3 , CLASSIFIED ,
Time: 30578, Behaviour: 2, Fault: 3, 96.6196, 3 , CLASSIFIED ,
Time: 31206, Behaviour: 2, Fault: 4, 87.8058, 4 , CLASSIFIED ,
Time: 31807, Behaviour: 2, Fault: 2, 92.2936, 2 , CLASSIFIED ,
Time: 33585, Behaviour: 2, Fault: 6, 96.4593, 3 , CLASSIFIED ,
Time: 34188, Behaviour: 2, Fault: 1, n/a, 1 , DIAGNOSED ,Time Taken, 214, ELLIGIBLE
Time: 35179, Behaviour: 3, Fault: 1, n/a, 1 , DIAGNOSED ,Time Taken, 12, ELLIGIBLE
Total Faults, 31, Elligible Total, 27, DiagTot, 11, Elligible DiagTot, 7, FailTot, 0, MemoryTot, 20, %Memory,0.740741, %Failure,0
Time: 6190, Behaviour: 1, Fault: 1, n/a, 1 , DIAGNOSED ,Time Taken, 32, 
Time: 7131, Behaviour: 1, Fault: 1, n/a, 1 , DIAGNOSED ,Time Taken, 13, ELLIGIBLE
Time: 8587, Behaviour: 1, Fault: 4, n/a, 4 , DIAGNOSED ,Time Taken, 117, 
Time: 9304, Behaviour: 1, Fault: 3, n/a, 3 , DIAGNOSED ,Time Taken, 13, 
Time: 9917, Behaviour: 1, Fault: 2, n/a, 2 , DIAGNOSED ,Time Taken, 11, 
Time: 11585, Behaviour: 1, Fault: 1, n/a, 1 , DIAGNOSED ,Time Taken, 12, ELLIGIBLE
Time: 12229, Behaviour: 1, Fault: 1, n/a, 1 , DIAGNOSED ,Time Taken, 89, ELLIGIBLE
Time: 13197, Behaviour: 1, Fault: 6, 99.1432, 3 , CLASSIFIED ,
Time: 13836, Behaviour: 1, Fault: 4, 99.5001, 4 , CLASSIFIED ,
Time: 14464, Behaviour: 1, Fault: 2, 70.6238, 2 , CLASSIFIED ,
Time: 15353, Behaviour: 3, Fault: 1, 84.5154, 1 , CLASSIFIED ,
Time: 17040, Behaviour: 3, Fault: 6, 95.2389, 3 , CLASSIFIED ,
Time: 17644, Behaviour: 3, Fault: 1, 72.2829, 1 , CLASSIFIED ,
Time: 18250, Behaviour: 3, Fault: 2, 96.8633, 2 , CLASSIFIED ,
Time: 19442, Behaviour: 3, Fault: 4, n/a, 4 , DIAGNOSED ,Time Taken, 116, ELLIGIBLE
Time: 21256, Behaviour: 3, Fault: 1, n/a, 1 , DIAGNOSED ,Time Taken, 12, ELLIGIBLE
Time: 21868, Behaviour: 3, Fault: 2, 91.4077, 2 , CLASSIFIED ,
Time: 22470, Behaviour: 3, Fault: 3, 99.3174, 3 , CLASSIFIED ,
Time: 23072, Behaviour: 3, Fault: 2, 94.9141, 2 , CLASSIFIED ,
Time: 23678, Behaviour: 3, Fault: 2, 88.8685, 2 , CLASSIFIED ,
Time: 25174, Behaviour: 1, Fault: 1, 99.5565, 1 , CLASSIFIED ,
Time: 26144, Behaviour: 1, Fault: 6, n/a, 3 , DIAGNOSED ,Time Taken, 747, ELLIGIBLE
Time: 27992, Behaviour: 1, Fault: 1, 92.7613, 1 , CLASSIFIED ,
Time: 29097, Behaviour: 1, Fault: 1, 82.3209, 1 , CLASSIFIED ,
Total Faults, 24, Elligible Total, 20, DiagTot, 10, Elligible DiagTot, 6, FailTot, 0, MemoryTot, 14, %Memory,0.7, %Failure,0
Time: 611, Behaviour: 2, Fault: 1, n/a, 1 , DIAGNOSED ,Time Taken, 12, 
Time: 1223, Behaviour: 2, Fault: 3, n/a, 3 , DIAGNOSED ,Time Taken, 13, 
Time: 1836, Behaviour: 2, Fault: 3, 94.7065, 3 , CLASSIFIED ,
Time: 3087, Behaviour: 2, Fault: 4, n/a, 4 , DIAGNOSED ,Time Taken, 116, 
Time: 3803, Behaviour: 2, Fault: 3, 86.704, 3 , CLASSIFIED ,
Time: 5135, Behaviour: 1, Fault: 6, 90.2077, 3 , CLASSIFIED ,
Time: 5919, Behaviour: 1, Fault: 4, n/a, 4 , DIAGNOSED ,Time Taken, 169, ELLIGIBLE
Time: 6897, Behaviour: 1, Fault: 6, 90.0151, 3 , CLASSIFIED ,
Time: 7499, Behaviour: 1, Fault: 2, n/a, 2 , DIAGNOSED ,Time Taken, 11, 
Time: 8110, Behaviour: 1, Fault: 2, 100, 2 , CLASSIFIED ,
Time: 8714, Behaviour: 1, Fault: 5, n/a, 5 , DIAGNOSED ,Time Taken, 184, 
Time: 9725, Behaviour: 1, Fault: 6, 99.486, 3 , CLASSIFIED ,
Time: 10327, Behaviour: 1, Fault: 2, 100, 100, 2 , CLASSIFIED ,
Time: 11189, Behaviour: 1, Fault: 1, 68.0749, 1 , CLASSIFIED ,
Time: 12061, Behaviour: 1, Fault: 6, 78.5859, 3 , CLASSIFIED ,
Time: 12759, Behaviour: 1, Fault: 4, 99.3339, 5 , CLASSIFIED ,
Time: 13362, Behaviour: 1, Fault: 5, 99.8335, 5 , CLASSIFIED ,
Time: 14504, Behaviour: 1, Fault: 6, 97.2988, 3 , CLASSIFIED ,
Time: 16834, Behaviour: 3, Fault: 6, 97.6395, 3 , CLASSIFIED ,
Time: 17568, Behaviour: 3, Fault: 1, n/a, 1 , DIAGNOSED ,Time Taken, 12, ELLIGIBLE
Time: 18379, Behaviour: 3, Fault: 6, 95.9353, 3 , CLASSIFIED ,
Time: 19746, Behaviour: 3, Fault: 1, 68.0749, 1 , CLASSIFIED ,
Time: 20728, Behaviour: 3, Fault: 4, n/a, 4 , DIAGNOSED ,Time Taken, 129, ELLIGIBLE
Time: 21458, Behaviour: 3, Fault: 6, 97.8065, 3 , CLASSIFIED ,
Time: 22060, Behaviour: 3, Fault: 2, 97.3688, 97.3688, 97.3688, 2 , CLASSIFIED ,
Time: 22662, Behaviour: 3, Fault: 2, 82.6011, 82.6011, 82.6011, 2 , CLASSIFIED ,
Time: 24224, Behaviour: 3, Fault: 4, 94.5977, 4 , CLASSIFIED ,
Time: 25385, Behaviour: 1, Fault: 1, 99.5565, 1 , CLASSIFIED ,
Time: 25989, Behaviour: 1, Fault: 4, 100, 5 , CLASSIFIED ,
Time: 26703, Behaviour: 1, Fault: 6, n/a, 3 , DIAGNOSED ,Time Taken, 316, ELLIGIBLE
Time: 27709, Behaviour: 1, Fault: 4, 99.8335, 99.8335, 5 , CLASSIFIED ,
Time: 28310, Behaviour: 1, Fault: 2, 96.8471, 2 , CLASSIFIED ,
Time: 28914, Behaviour: 1, Fault: 4, 83.8096, 4 , CLASSIFIED ,
Time: 29568, Behaviour: 1, Fault: 4, n/a, 4 , DIAGNOSED ,Time Taken, 116, ELLIGIBLE
Time: 31537, Behaviour: 2, Fault: 1, 99.5565, 99.5565, 1 , CLASSIFIED ,
Time: 33347, Behaviour: 2, Fault: 4, 87.2992, 4 , CLASSIFIED ,
Time: 33948, Behaviour: 2, Fault: 2, 83.8669, 2 , CLASSIFIED ,
Time: 34550, Behaviour: 2, Fault: 2, 96.034, 2 , CLASSIFIED ,
Time: 35153, Behaviour: 3, Fault: 6, 84.7548, 3 , CLASSIFIED ,
Total Faults, 39, Elligible Total, 34, DiagTot, 10, Elligible DiagTot, 5, FailTot, 0, MemoryTot, 29, %Memory,0.852941, %Failure,0
Time: 30639, Behaviour: 2, Fault: 1, n/a, 1 , DIAGNOSED ,Time Taken, 13, 
Time: 31252, Behaviour: 2, Fault: 3, n/a, 3 , DIAGNOSED ,Time Taken, 13, 
Time: 31865, Behaviour: 2, Fault: 2, n/a, 2 , DIAGNOSED ,Time Taken, 11, 
Time: 32909, Behaviour: 2, Fault: 6, n/a, 3 , DIAGNOSED ,Time Taken, 13, 
Time: 33528, Behaviour: 2, Fault: 6, 85.3705, 3 , CLASSIFIED ,
Time: 34147, Behaviour: 2, Fault: 6, 85.6325, 3 , CLASSIFIED ,
Time: 34749, Behaviour: 2, Fault: 3, 83.9348, 3 , CLASSIFIED ,
Time: 35352, Behaviour: 3, Fault: 3, 87.1159, 3 , CLASSIFIED ,
Time: 35954, Behaviour: 3, Fault: 3, 89.0189, 3 , CLASSIFIED ,
Total Faults, 9, Elligible Total, 5, DiagTot, 4, Elligible DiagTot, 0, FailTot, 0, MemoryTot, 5, %Memory,1, %Failure,0
Time: 1417, Behaviour: 2, Fault: 1, n/a, 1 , DIAGNOSED ,Time Taken, 12, 
Time: 2029, Behaviour: 2, Fault: 3, n/a, 3 , DIAGNOSED ,Time Taken, 66, 
Time: 5444, Behaviour: 1, Fault: 4, n/a, 4 , DIAGNOSED ,Time Taken, 116, 
Time: 6812, Behaviour: 1, Fault: 4, 99.8335, 4 , CLASSIFIED ,
Time: 7647, Behaviour: 1, Fault: 5, 97.5034, 4 , CLASSIFIED ,
Time: 8789, Behaviour: 1, Fault: 5, 99.6672, 4 , CLASSIFIED ,
Time: 9390, Behaviour: 1, Fault: 6, DECENTRALISED, n/a, 3 , DIAGNOSED ,Time Taken, 276, 
Time: 10323, Behaviour: 1, Fault: 4, n/a, 4 , DIAGNOSED ,Time Taken, 101, ELLIGIBLE
Time: 11275, Behaviour: 1, Fault: 2, n/a, 2 , DIAGNOSED ,Time Taken, 15, 
Time: 11890, Behaviour: 1, Fault: 2, 77.9995, 2 , CLASSIFIED ,
Time: 12492, Behaviour: 1, Fault: 2, 89.2428, 2 , CLASSIFIED ,
Time: 13094, Behaviour: 1, Fault: 2, 93.5146, 2 , CLASSIFIED ,
Time: 13821, Behaviour: 1, Fault: 4, 99.8335, 4 , CLASSIFIED ,
Time: 14674, Behaviour: 1, Fault: 5, 99.5012, 4 , CLASSIFIED ,
Time: 15672, Behaviour: 3, Fault: 6, 81.8723, 3 , CLASSIFIED ,
Time: 16687, Behaviour: 3, Fault: 4, 71.7938, 4 , CLASSIFIED ,
Time: 17288, Behaviour: 3, Fault: 2, 85.0933, 2 , CLASSIFIED ,
Time: 17890, Behaviour: 3, Fault: 3, 99.6583, 3 , CLASSIFIED ,
Time: 18850, Behaviour: 3, Fault: 4, 85.5589, 4 , CLASSIFIED ,
Time: 19744, Behaviour: 3, Fault: 6, 97.8034, 3 , CLASSIFIED ,
Time: 20539, Behaviour: 3, Fault: 1, n/a, 1 , DIAGNOSED ,Time Taken, 23, ELLIGIBLE
Time: 21162, Behaviour: 3, Fault: 2, 92.2927, 2 , CLASSIFIED ,
Time: 21903, Behaviour: 3, Fault: 4, 94.1675, 4 , CLASSIFIED ,
Time: 22504, Behaviour: 3, Fault: 2, 93.2854, 2 , CLASSIFIED ,
Time: 23106, Behaviour: 3, Fault: 3, 92.2292, 3 , CLASSIFIED ,
Time: 23710, Behaviour: 3, Fault: 4, 91.798, 4 , CLASSIFIED ,
Time: 24313, Behaviour: 3, Fault: 4, 85.5589, 4 , CLASSIFIED ,
Time: 24915, Behaviour: 3, Fault: 2, 93.5079, 2 , CLASSIFIED ,
Time: 25518, Behaviour: 1, Fault: 6, 98.6361, 3 , CLASSIFIED ,
Time: 26121, Behaviour: 1, Fault: 3, 98.4775, 3 , CLASSIFIED ,
Time: 26781, Behaviour: 1, Fault: 4, 99.1679, 4 , CLASSIFIED ,
Time: 27453, Behaviour: 1, Fault: 4, 100, 4 , CLASSIFIED ,
Time: 28091, Behaviour: 1, Fault: 4, 99.1668, 4 , CLASSIFIED ,
Time: 28692, Behaviour: 1, Fault: 6, 71.0634, 3 , CLASSIFIED ,
Time: 29360, Behaviour: 1, Fault: 5, 96.1668, 4 , CLASSIFIED ,
Total Faults, 35, Elligible Total, 30, DiagTot, 7, Elligible DiagTot, 2, FailTot, 0, MemoryTot, 28, %Memory,0.933333, %Failure,0
Time: 5612, Behaviour: 1, Fault: 1, n/a, 1 , DIAGNOSED ,Time Taken, 12, 
Time: 7013, Behaviour: 1, Fault: 6, n/a, 6 , DIAGNOSED ,Time Taken, 239, 
Time: 7937, Behaviour: 1, Fault: 6, 76.5077, 6 , CLASSIFIED ,
Time: 8564, Behaviour: 1, Fault: 5, n/a, 5 , DIAGNOSED ,Time Taken, 165, 
Time: 9463, Behaviour: 1, Fault: 5, 90.0886, 5 , CLASSIFIED ,
Time: 10167, Behaviour: 1, Fault: 4, 98.0087, 5 , CLASSIFIED ,
Time: 10768, Behaviour: 1, Fault: 3, 92.8086, 6 , CLASSIFIED ,
Time: 11370, Behaviour: 1, Fault: 2, n/a, 2 , DIAGNOSED ,Time Taken, 11, 
Time: 12056, Behaviour: 1, Fault: 4, 100, 5 , CLASSIFIED ,
Time: 12658, Behaviour: 1, Fault: 2, 85.1166, 2 , CLASSIFIED ,
Time: 13262, Behaviour: 1, Fault: 5, 99.5012, 99.5012, 5 , CLASSIFIED ,
Time: 14520, Behaviour: 1, Fault: 5, 99.8335, 99.8335, 5 , CLASSIFIED ,
Time: 15121, Behaviour: 3, Fault: 6, 100, 6 , CLASSIFIED ,
Time: 15988, Behaviour: 3, Fault: 4, n/a, 4 , DIAGNOSED ,Time Taken, 116, ELLIGIBLE
Time: 16767, Behaviour: 3, Fault: 6, n/a, 3 , DIAGNOSED ,Time Taken, 13, ELLIGIBLE
Time: 17380, Behaviour: 3, Fault: 3, 76.7622, 76.7622, 6 , CLASSIFIED ,
Time: 17983, Behaviour: 3, Fault: 2, 91.3518, 2 , CLASSIFIED ,
Time: 18838, Behaviour: 3, Fault: 1, 86.9819, 1 , CLASSIFIED ,
Time: 19440, Behaviour: 3, Fault: 2, 84.6378, 2 , CLASSIFIED ,
Time: 20044, Behaviour: 3, Fault: 4, 92.1585, 4 , CLASSIFIED ,
Time: 20645, Behaviour: 3, Fault: 3, 90.3341, 6 , CLASSIFIED ,
Time: 21247, Behaviour: 3, Fault: 3, 86.4476, 6 , CLASSIFIED ,
Time: 21849, Behaviour: 3, Fault: 6, 83.0335, 6 , CLASSIFIED ,
Time: 23475, Behaviour: 3, Fault: 2, 93.2573, 2 , CLASSIFIED ,
Time: 25352, Behaviour: 1, Fault: 1, n/a, 1 , DIAGNOSED ,Time Taken, 12, ELLIGIBLE
Time: 26044, Behaviour: 1, Fault: 6, 98.9784, 6 , CLASSIFIED ,
Time: 27369, Behaviour: 1, Fault: 1, n/a, 1 , DIAGNOSED ,Time Taken, 12, ELLIGIBLE
Time: 27984, Behaviour: 1, Fault: 6, 84.458, 6 , CLASSIFIED ,
Time: 28813, Behaviour: 1, Fault: 5, 99.6667, 5 , CLASSIFIED ,
Time: 29415, Behaviour: 1, Fault: 6, 100, 6 , CLASSIFIED ,
Time: 30231, Behaviour: 2, Fault: 6, 88.0712, 6 , CLASSIFIED ,
Time: 31090, Behaviour: 2, Fault: 1, 99.7783, 1 , CLASSIFIED ,
Time: 31940, Behaviour: 2, Fault: 1, 100, 1 , CLASSIFIED ,
Time: 32742, Behaviour: 2, Fault: 4, 97.8444, 4 , CLASSIFIED ,
Time: 34534, Behaviour: 2, Fault: 4, 96.6714, 4 , CLASSIFIED ,
Time: 35297, Behaviour: 3, Fault: 1, 100, 100, 1 , CLASSIFIED ,
Time: 35899, Behaviour: 3, Fault: 2, 92.1446, 2 , CLASSIFIED ,
Total Faults, 37, Elligible Total, 33, DiagTot, 8, Elligible DiagTot, 4, FailTot, 0, MemoryTot, 29, %Memory,0.878788, %Failure,0
Time: 1895, Behaviour: 2, Fault: 1, n/a, 1 , DIAGNOSED ,Time Taken, 17, 
Time: 3872, Behaviour: 2, Fault: 1, n/a, 1 , DIAGNOSED ,Time Taken, 12, ELLIGIBLE
Time: 5414, Behaviour: 1, Fault: 1, 99.7783, 1 , CLASSIFIED ,
Time: 6016, Behaviour: 1, Fault: 3, n/a, 3 , DIAGNOSED ,Time Taken, 13, 
Time: 6759, Behaviour: 1, Fault: 2, n/a, 2 , DIAGNOSED ,Time Taken, 11, 
Time: 7372, Behaviour: 1, Fault: 4, n/a, 4 , DIAGNOSED ,Time Taken, 116, 
Time: 8090, Behaviour: 1, Fault: 4, 99.6667, 4 , CLASSIFIED ,
Time: 8878, Behaviour: 1, Fault: 5, 99.6667, 99.6667, 4 , CLASSIFIED ,
Time: 9965, Behaviour: 1, Fault: 5, 95.5064, 95.5064, 95.5064, 4 , CLASSIFIED ,
Time: 10663, Behaviour: 1, Fault: 3, 100, 3 , CLASSIFIED ,
Time: 11719, Behaviour: 1, Fault: 1, n/a, 1 , DIAGNOSED ,Time Taken, 12, ELLIGIBLE
Time: 13135, Behaviour: 1, Fault: 3, 68.313, 68.313, 3 , CLASSIFIED ,
Time: 14132, Behaviour: 1, Fault: 4, n/a, 4 , DIAGNOSED ,Time Taken, 117, ELLIGIBLE
Time: 14849, Behaviour: 1, Fault: 6, n/a, 3 , DIAGNOSED ,Time Taken, 25, 
Time: 15813, Behaviour: 3, Fault: 6, 68.9371, 3 , CLASSIFIED ,
Time: 17594, Behaviour: 3, Fault: 4, 98.5184, 4 , CLASSIFIED ,
Time: 18231, Behaviour: 3, Fault: 4, 80.9981, 4 , CLASSIFIED ,
Time: 19386, Behaviour: 3, Fault: 6, 67.7699, 3 , CLASSIFIED ,
Time: 20013, Behaviour: 3, Fault: 3, 94.6841, 94.6841, 3 , CLASSIFIED ,
Time: 20615, Behaviour: 3, Fault: 3, 94.3638, 94.3638, 3 , CLASSIFIED ,
Time: 21219, Behaviour: 3, Fault: 4, 87.6641, 4 , CLASSIFIED ,
Time: 21820, Behaviour: 3, Fault: 1, n/a, 1 , DIAGNOSED ,Time Taken, 12, ELLIGIBLE
Time: 22656, Behaviour: 3, Fault: 1, n/a, 1 , DIAGNOSED ,Time Taken, 21, ELLIGIBLE
Time: 23277, Behaviour: 3, Fault: 6, 99.486, 3 , CLASSIFIED ,
Time: 24251, Behaviour: 3, Fault: 1, n/a, 1 , DIAGNOSED ,Time Taken, 12, ELLIGIBLE
Time: 25094, Behaviour: 1, Fault: 4, 96.1774, 4 , CLASSIFIED ,
Time: 25784, Behaviour: 1, Fault: 2, n/a, 2 , DIAGNOSED ,Time Taken, 11, ELLIGIBLE
Time: 26529, Behaviour: 1, Fault: 6, 100, 3 , CLASSIFIED ,
Time: 27327, Behaviour: 1, Fault: 2, 100, 2 , CLASSIFIED ,
Time: 27929, Behaviour: 1, Fault: 3, 100, 3 , CLASSIFIED ,
Time: 28697, Behaviour: 1, Fault: 6, 73.0763, 3 , CLASSIFIED ,
Time: 29885, Behaviour: 1, Fault: 6, 95.7833, 3 , CLASSIFIED ,
Time: 30587, Behaviour: 2, Fault: 4, 89.5861, 4 , CLASSIFIED ,
Time: 31203, Behaviour: 2, Fault: 3, 100, 3 , CLASSIFIED ,
Time: 31805, Behaviour: 2, Fault: 3, 87.7665, 3 , CLASSIFIED ,
Time: 32407, Behaviour: 2, Fault: 3, 91.644, 3 , CLASSIFIED ,
Time: 33084, Behaviour: 2, Fault: 1, n/a, 1 , DIAGNOSED ,Time Taken, 12, ELLIGIBLE
Time: 33729, Behaviour: 2, Fault: 6, 80.7318, 3 , CLASSIFIED ,
Time: 34331, Behaviour: 2, Fault: 3, 94.6294, 3 , CLASSIFIED ,
Total Faults, 39, Elligible Total, 34, DiagTot, 13, Elligible DiagTot, 8, FailTot, 0, MemoryTot, 26, %Memory,0.764706, %Failure,0
Time: 929, Behaviour: 2, Fault: 1, n/a, 1 , DIAGNOSED ,Time Taken, 12, 
Time: 1541, Behaviour: 2, Fault: 6, n/a, 3 , DIAGNOSED ,Time Taken, 13, 
Time: 2154, Behaviour: 2, Fault: 2, n/a, 2 , DIAGNOSED ,Time Taken, 11, 
Time: 3442, Behaviour: 2, Fault: 6, 96.7745, 3 , CLASSIFIED ,
Time: 5329, Behaviour: 1, Fault: 6, 98.4673, 3 , CLASSIFIED ,
Time: 26312, Behaviour: 1, Fault: 1, n/a, 1 , DIAGNOSED ,Time Taken, 12, ELLIGIBLE
Time: 26926, Behaviour: 1, Fault: 4, n/a, 4 , DIAGNOSED ,Time Taken, 117, 
Time: 27686, Behaviour: 1, Fault: 6, 78.8017, 3 , CLASSIFIED ,
Time: 28290, Behaviour: 1, Fault: 4, 98.6716, 4 , CLASSIFIED ,
Time: 29286, Behaviour: 1, Fault: 1, n/a, 1 , DIAGNOSED ,Time Taken, 12, ELLIGIBLE
Total Faults, 10, Elligible Total, 6, DiagTot, 6, Elligible DiagTot, 2, FailTot, 0, MemoryTot, 4, %Memory,0.666667, %Failure,0
Time: 26135, Behaviour: 1, Fault: 1, n/a, 1 , DIAGNOSED ,Time Taken, 12, 
Time: 26801, Behaviour: 1, Fault: 1, n/a, 1 , DIAGNOSED ,Time Taken, 13, ELLIGIBLE
Time: 27827, Behaviour: 1, Fault: 1, n/a, 1 , DIAGNOSED ,Time Taken, 12, ELLIGIBLE
Time: 28439, Behaviour: 1, Fault: 3, n/a, 3 , DIAGNOSED ,Time Taken, 13, 
Time: 29054, Behaviour: 1, Fault: 5, n/a, 5 , DIAGNOSED ,Time Taken, 165, 
Time: 30664, Behaviour: 2, Fault: 1, 92.2008, 1 , CLASSIFIED ,
Time: 31297, Behaviour: 2, Fault: 3, 87.2939, 3 , CLASSIFIED ,
Time: 31899, Behaviour: 2, Fault: 2, n/a, 2 , DIAGNOSED ,Time Taken, 11, 
Time: 32510, Behaviour: 2, Fault: 3, 92.4916, 3 , CLASSIFIED ,
Time: 33307, Behaviour: 2, Fault: 6, 81.2857, 3 , CLASSIFIED ,
Time: 33909, Behaviour: 2, Fault: 2, 76.9685, 2 , CLASSIFIED ,
Time: 34511, Behaviour: 2, Fault: 3, 94.5468, 3 , CLASSIFIED ,
Time: 35113, Behaviour: 3, Fault: 3, 80.6437, 3 , CLASSIFIED ,
Total Faults, 13, Elligible Total, 9, DiagTot, 6, Elligible DiagTot, 2, FailTot, 0, MemoryTot, 7, %Memory,0.777778, %Failure,0
Time: 6487, Behaviour: 1, Fault: 1, n/a, 1 , DIAGNOSED ,Time Taken, 53, 
Time: 7140, Behaviour: 1, Fault: 6, n/a, 3 , DIAGNOSED ,Time Taken, 14, 
Time: 7754, Behaviour: 1, Fault: 3, 73.3823, 3 , CLASSIFIED ,
Time: 12442, Behaviour: 1, Fault: 1, 99.116, 1 , CLASSIFIED ,
Time: 13142, Behaviour: 1, Fault: 1, n/a, 1 , DIAGNOSED ,Time Taken, 47, ELLIGIBLE
Time: 13791, Behaviour: 1, Fault: 5, n/a, 5 , DIAGNOSED ,Time Taken, 213, 
Time: 14902, Behaviour: 1, Fault: 1, 83.5052, 1 , CLASSIFIED ,
Time: 15504, Behaviour: 3, Fault: 3, 85.7412, 3 , CLASSIFIED ,
Time: 16437, Behaviour: 3, Fault: 4, n/a, 4 , DIAGNOSED ,Time Taken, 205, 
Time: 17727, Behaviour: 3, Fault: 4, 69.7055, 4 , CLASSIFIED ,
Time: 19193, Behaviour: 3, Fault: 6, 76.3077, 3 , CLASSIFIED ,
Time: 20234, Behaviour: 3, Fault: 4, 84.9867, 4 , CLASSIFIED ,
Time: 25694, Behaviour: 1, Fault: 1, n/a, 1 , DIAGNOSED ,Time Taken, 12, ELLIGIBLE
Time: 26306, Behaviour: 1, Fault: 3, 100, 3 , CLASSIFIED ,
Time: 26908, Behaviour: 1, Fault: 3, 88.1401, 88.1401, 3 , CLASSIFIED ,
Time: 27511, Behaviour: 1, Fault: 3, 80.7318, 3 , CLASSIFIED ,
Time: 28116, Behaviour: 1, Fault: 4, 99.8335, 5 , CLASSIFIED ,
Time: 28719, Behaviour: 1, Fault: 4, 99.8335, 5 , CLASSIFIED ,
Time: 29500, Behaviour: 1, Fault: 4, 99.8335, 5 , CLASSIFIED ,
Time: 30101, Behaviour: 2, Fault: 3, 92.0025, 92.0025, 3 , CLASSIFIED ,
Time: 32720, Behaviour: 2, Fault: 4, 99.438, 4 , CLASSIFIED ,
Time: 33321, Behaviour: 2, Fault: 2, n/a, 2 , DIAGNOSED ,Time Taken, 11, 
Time: 33934, Behaviour: 2, Fault: 4, 100, 4 , CLASSIFIED ,
Time: 34535, Behaviour: 2, Fault: 3, 86.6135, 3 , CLASSIFIED ,
Total Faults, 24, Elligible Total, 19, DiagTot, 7, Elligible DiagTot, 2, FailTot, 0, MemoryTot, 17, %Memory,0.894737, %Failure,0
Time: 5446, Behaviour: 1, Fault: 1, n/a, 1 , DIAGNOSED ,Time Taken, 13, 
Time: 6555, Behaviour: 1, Fault: 1, n/a, 1 , DIAGNOSED ,Time Taken, 50, ELLIGIBLE
Time: 7207, Behaviour: 1, Fault: 5, n/a, 5 , DIAGNOSED ,Time Taken, 166, 
Time: 8464, Behaviour: 1, Fault: 5, 99.5001, 5 , CLASSIFIED ,
Time: 9634, Behaviour: 1, Fault: 6, n/a, 3 , DIAGNOSED ,Time Taken, 13, 
Time: 10526, Behaviour: 1, Fault: 6, n/a, 3 , DIAGNOSED ,Time Taken, 13, ELLIGIBLE
Time: 11660, Behaviour: 1, Fault: 5, 99.3333, 5 , CLASSIFIED ,
Time: 12261, Behaviour: 1, Fault: 2, n/a, 2 , DIAGNOSED ,Time Taken, 12, 
Time: 12923, Behaviour: 1, Fault: 3, 94.4577, 3 , CLASSIFIED ,
Time: 13728, Behaviour: 1, Fault: 1, 70.9884, FAILURE 3, n/a, 1 , DIAGNOSED ,Time Taken, 12, ELLIGIBLE
Time: 14465, Behaviour: 1, Fault: 4, 99.8335, 5 , CLASSIFIED ,
Time: 25183, Behaviour: 1, Fault: 5, 96.3985, 5 , CLASSIFIED ,
Time: 26067, Behaviour: 1, Fault: 6, 99.4863, 3 , CLASSIFIED ,
Time: 27356, Behaviour: 1, Fault: 6, 84.1996, 3 , CLASSIFIED ,
Time: 27960, Behaviour: 1, Fault: 4, 99.8335, 5 , CLASSIFIED ,
Time: 29082, Behaviour: 1, Fault: 1, 73.3022, 1 , CLASSIFIED ,
Time: 29687, Behaviour: 1, Fault: 4, 99.8335, 5 , CLASSIFIED ,
Time: 30353, Behaviour: 2, Fault: 4, n/a, 4 , DIAGNOSED ,Time Taken, 116, ELLIGIBLE
Time: 31069, Behaviour: 2, Fault: 3, 99.6573, 3 , CLASSIFIED ,
Time: 31671, Behaviour: 2, Fault: 2, 84.3085, 2 , CLASSIFIED ,
Time: 32487, Behaviour: 2, Fault: 1, n/a, 1 , DIAGNOSED ,Time Taken, 18, ELLIGIBLE
Time: 33105, Behaviour: 2, Fault: 2, 75.735, 2 , CLASSIFIED ,
Time: 33707, Behaviour: 2, Fault: 3, 88.5284, 3 , CLASSIFIED ,
Time: 34310, Behaviour: 2, Fault: 2, 98.9285, 2 , CLASSIFIED ,
Time: 35455, Behaviour: 3, Fault: 1, 94.5336, 1 , CLASSIFIED ,
Total Faults, 25, Elligible Total, 21, DiagTot, 8, Elligible DiagTot, 4, FailTot, 1, MemoryTot, 16, %Memory,0.761905, %Failure,0.0588235
Time: 6860, Behaviour: 1, Fault: 1, n/a, 1 , DIAGNOSED ,Time Taken, 12, 
Time: 7556, Behaviour: 1, Fault: 4, n/a, 4 , DIAGNOSED ,Time Taken, 278, 
Time: 8524, Behaviour: 1, Fault: 6, n/a, 6 , DIAGNOSED ,Time Taken, 247, 
Time: 9371, Behaviour: 1, Fault: 2, n/a, 2 , DIAGNOSED ,Time Taken, 11, 
Time: 9997, Behaviour: 1, Fault: 1, 71.0857, FAILURE 6, n/a, 1 , DIAGNOSED ,Time Taken, 20, ELLIGIBLE
Time: 10753, Behaviour: 1, Fault: 4, n/a, 4 , DIAGNOSED ,Time Taken, 116, ELLIGIBLE
Time: 11548, Behaviour: 1, Fault: 4, n/a, 4 , DIAGNOSED ,Time Taken, 116, ELLIGIBLE
Time: 12362, Behaviour: 1, Fault: 4, 91.8333, 4 , CLASSIFIED ,
Time: 13039, Behaviour: 1, Fault: 5, 97.6754, 4 , CLASSIFIED ,
Time: 13761, Behaviour: 1, Fault: 1, n/a, 1 , DIAGNOSED ,Time Taken, 86, ELLIGIBLE
Time: 14447, Behaviour: 1, Fault: 6, 99.6571, 6 , CLASSIFIED ,
Time: 15049, Behaviour: 3, Fault: 2, 77.39, 2 , CLASSIFIED ,
Time: 15652, Behaviour: 3, Fault: 2, 93.1625, 2 , CLASSIFIED ,
Time: 16496, Behaviour: 3, Fault: 1, 99.7783, 1 , CLASSIFIED ,
Time: 17098, Behaviour: 3, Fault: 2, 93.7343, 2 , CLASSIFIED ,
Time: 18098, Behaviour: 3, Fault: 6, n/a, 3 , DIAGNOSED ,Time Taken, 49, ELLIGIBLE
Time: 18796, Behaviour: 3, Fault: 4, 87.675, 4 , CLASSIFIED ,
Time: 19652, Behaviour: 3, Fault: 1, n/a, 1 , DIAGNOSED ,Time Taken, 12, ELLIGIBLE
Time: 23554, Behaviour: 3, Fault: 1, 99.5575, 1 , CLASSIFIED ,
Time: 24831, Behaviour: 3, Fault: 1, 99.7783, 1 , CLASSIFIED ,
Time: 25818, Behaviour: 1, Fault: 1, 66.4866, 1 , CLASSIFIED ,
Time: 26655, Behaviour: 1, Fault: 6, 100, 6 , CLASSIFIED ,
Time: 27564, Behaviour: 1, Fault: 1, 96.945, 1 , CLASSIFIED ,
Time: 28461, Behaviour: 1, Fault: 6, n/a, 3 , DIAGNOSED ,Time Taken, 13, ELLIGIBLE
Total Faults, 24, Elligible Total, 20, DiagTot, 10, Elligible DiagTot, 6, FailTot, 1, MemoryTot, 13, %Memory,0.65, %Failure,0.0714286
Time: 1293, Behaviour: 2, Fault: 1, n/a, 1 , DIAGNOSED ,Time Taken, 24, 
Time: 1930, Behaviour: 2, Fault: 6, n/a, 3 , DIAGNOSED ,Time Taken, 13, 
Time: 2543, Behaviour: 2, Fault: 2, n/a, 2 , DIAGNOSED ,Time Taken, 11, 
Time: 3154, Behaviour: 2, Fault: 6, n/a, 3 , DIAGNOSED ,Time Taken, 18, ELLIGIBLE
Time: 3772, Behaviour: 2, Fault: 3, 80.8863, 3 , CLASSIFIED ,
Time: 4375, Behaviour: 2, Fault: 2, 83.1317, 2 , CLASSIFIED ,
Time: 5107, Behaviour: 1, Fault: 1, 99.7783, 1 , CLASSIFIED ,
Time: 5733, Behaviour: 1, Fault: 3, 98.8053, 3 , CLASSIFIED ,
Time: 6335, Behaviour: 1, Fault: 3, 91.6633, 3 , CLASSIFIED ,
Time: 7321, Behaviour: 1, Fault: 2, 75.5148, 2 , CLASSIFIED ,
Time: 7923, Behaviour: 1, Fault: 2, 94.9119, 2 , CLASSIFIED ,
Time: 8714, Behaviour: 1, Fault: 3, 100, 3 , CLASSIFIED ,
Time: 9432, Behaviour: 1, Fault: 4, n/a, 4 , DIAGNOSED ,Time Taken, 116, 
Time: 10148, Behaviour: 1, Fault: 3, 96.4668, 3 , CLASSIFIED ,
Time: 11124, Behaviour: 1, Fault: 3, 100, 100, 3 , CLASSIFIED ,
Time: 11726, Behaviour: 1, Fault: 3, 99.6571, 99.6571, 99.6571, 3 , CLASSIFIED ,
Time: 12332, Behaviour: 1, Fault: 5, 97.0003, 4 , CLASSIFIED ,
Time: 13116, Behaviour: 1, Fault: 1, n/a, 1 , DIAGNOSED ,Time Taken, 12, ELLIGIBLE
Time: 14137, Behaviour: 1, Fault: 1, 100, 1 , CLASSIFIED ,
Time: 14739, Behaviour: 1, Fault: 2, 98.9247, 2 , CLASSIFIED ,
Time: 18283, Behaviour: 3, Fault: 4, n/a, 4 , DIAGNOSED ,Time Taken, 116, ELLIGIBLE
Time: 18999, Behaviour: 3, Fault: 3, 97.963, 97.963, 97.963, 3 , CLASSIFIED ,
Time: 19601, Behaviour: 3, Fault: 6, 99.6579, 99.6579, 99.6579, 3 , CLASSIFIED ,
Time: 20314, Behaviour: 3, Fault: 4, 98.3172, 4 , CLASSIFIED ,
Time: 20915, Behaviour: 3, Fault: 2, 76.5786, 2 , CLASSIFIED ,
Time: 23330, Behaviour: 3, Fault: 6, n/a, 3 , DIAGNOSED ,Time Taken, 38, ELLIGIBLE
Time: 23968, Behaviour: 3, Fault: 3, 79.7205, 3 , CLASSIFIED ,
Time: 24570, Behaviour: 3, Fault: 3, 96.8308, 3 , CLASSIFIED ,
Time: 31241, Behaviour: 2, Fault: 1, n/a, 1 , DIAGNOSED ,Time Taken, 12, ELLIGIBLE
Time: 31853, Behaviour: 2, Fault: 2, 92.1606, 2 , CLASSIFIED ,
Time: 32668, Behaviour: 2, Fault: 4, 95.3127, 4 , CLASSIFIED ,
Time: 33491, Behaviour: 2, Fault: 6, 80.0948, 3 , CLASSIFIED ,
Time: 34095, Behaviour: 2, Fault: 3, 92.2266, 3 , CLASSIFIED ,
Time: 34697, Behaviour: 2, Fault: 3, 93.5475, 3 , CLASSIFIED ,
Time: 35299, Behaviour: 3, Fault: 2, 80.8434, 2 , CLASSIFIED ,
Total Faults, 35, Elligible Total, 31, DiagTot, 9, Elligible DiagTot, 5, FailTot, 0, MemoryTot, 26, %Memory,0.83871, %Failure,0
Time: 1861, Behaviour: 2, Fault: 1, n/a, 1 , DIAGNOSED ,Time Taken, 12, 
Time: 2792, Behaviour: 2, Fault: 4, n/a, 4 , DIAGNOSED ,Time Taken, 183, 
Time: 3575, Behaviour: 2, Fault: 2, n/a, 2 , DIAGNOSED ,Time Taken, 11, 
Time: 5440, Behaviour: 1, Fault: 1, 99.5565, 1 , CLASSIFIED ,
Time: 6992, Behaviour: 1, Fault: 2, 68.2405, 2 , CLASSIFIED ,
Time: 7594, Behaviour: 1, Fault: 2, 98.9247, 2 , CLASSIFIED ,
Time: 8198, Behaviour: 1, Fault: 4, n/a, 4 , DIAGNOSED ,Time Taken, 281, ELLIGIBLE
Time: 9081, Behaviour: 1, Fault: 5, 91.8869, 4 , CLASSIFIED ,
Time: 9682, Behaviour: 1, Fault: 2, 100, 2 , CLASSIFIED ,
Time: 10581, Behaviour: 1, Fault: 2, 100, 2 , CLASSIFIED ,
Time: 11183, Behaviour: 1, Fault: 6, n/a, 3 , DIAGNOSED ,Time Taken, 256, 
Time: 12095, Behaviour: 1, Fault: 4, 69.6777, 4 , CLASSIFIED ,
Time: 13353, Behaviour: 1, Fault: 1, n/a, 1 , DIAGNOSED ,Time Taken, 12, ELLIGIBLE
Time: 13991, Behaviour: 1, Fault: 4, 70.9468, 4 , CLASSIFIED ,
Time: 14592, Behaviour: 1, Fault: 2, 100, 100, 2 , CLASSIFIED ,
Time: 15290, Behaviour: 3, Fault: 6, n/a, 3 , DIAGNOSED ,Time Taken, 13, ELLIGIBLE
Time: 15903, Behaviour: 3, Fault: 2, 100, 100, 100, 2 , CLASSIFIED ,
Time: 16505, Behaviour: 3, Fault: 2, 94.7467, 2 , CLASSIFIED ,
Time: 17331, Behaviour: 3, Fault: 4, 99, 4 , CLASSIFIED ,
Time: 18078, Behaviour: 3, Fault: 1, 99.5565, 1 , CLASSIFIED ,
Time: 20178, Behaviour: 3, Fault: 6, 73.4552, 3 , CLASSIFIED ,
Time: 21490, Behaviour: 3, Fault: 1, 99.7783, 1 , CLASSIFIED ,
Time: 22399, Behaviour: 3, Fault: 4, 99.2516, 4 , CLASSIFIED ,
Time: 23000, Behaviour: 3, Fault: 3, 69.9545, 3 , CLASSIFIED ,
Time: 23602, Behaviour: 3, Fault: 3, 82.3786, 3 , CLASSIFIED ,
Time: 26311, Behaviour: 1, Fault: 6, 73.4623, 3 , CLASSIFIED ,
Time: 27463, Behaviour: 1, Fault: 6, 85.1533, 3 , CLASSIFIED ,
Time: 28139, Behaviour: 1, Fault: 5, n/a, 5 , DIAGNOSED ,Time Taken, 166, ELLIGIBLE
Time: 28905, Behaviour: 1, Fault: 2, 98.9285, 98.9285, 2 , CLASSIFIED ,
Time: 29508, Behaviour: 1, Fault: 2, 100, 100, 2 , CLASSIFIED ,
Time: 30745, Behaviour: 2, Fault: 4, 99.2516, 4 , CLASSIFIED ,
Time: 31346, Behaviour: 2, Fault: 3, 86.1748, 3 , CLASSIFIED ,
Time: 32556, Behaviour: 2, Fault: 1, n/a, 1 , DIAGNOSED ,Time Taken, 12, ELLIGIBLE
Time: 33168, Behaviour: 2, Fault: 3, 90.012, 3 , CLASSIFIED ,
Time: 33772, Behaviour: 2, Fault: 2, 96.5105, 2 , CLASSIFIED ,
Time: 34374, Behaviour: 2, Fault: 3, 95.9836, 3 , CLASSIFIED ,
Time: 34977, Behaviour: 2, Fault: 2, 85.6065, 2 , CLASSIFIED ,
Time: 35579, Behaviour: 3, Fault: 3, 91.9635, 3 , CLASSIFIED ,
Total Faults, 38, Elligible Total, 34, DiagTot, 9, Elligible DiagTot, 5, FailTot, 0, MemoryTot, 29, %Memory,0.852941, %Failure,0
Time: 623, Behaviour: 2, Fault: 1, n/a, 1 , DIAGNOSED ,Time Taken, 12, 
Time: 1235, Behaviour: 2, Fault: 3, n/a, 3 , DIAGNOSED ,Time Taken, 13, 
Time: 2593, Behaviour: 2, Fault: 6, 97.3113, 3 , CLASSIFIED ,
Time: 3195, Behaviour: 2, Fault: 2, n/a, 2 , DIAGNOSED ,Time Taken, 11, 
Time: 3806, Behaviour: 2, Fault: 2, 92.5025, 2 , CLASSIFIED ,
Time: 4408, Behaviour: 2, Fault: 3, 77.071, 3 , CLASSIFIED ,
Time: 5010, Behaviour: 1, Fault: 2, 75.3155, 2 , CLASSIFIED ,
Time: 5990, Behaviour: 1, Fault: 5, n/a, 5 , DIAGNOSED ,Time Taken, 489, 
Time: 7273, Behaviour: 1, Fault: 1, n/a, 1 , DIAGNOSED ,Time Taken, 60, ELLIGIBLE
Time: 7933, Behaviour: 1, Fault: 3, 95.7726, 3 , CLASSIFIED ,
Time: 8573, Behaviour: 1, Fault: 5, 99.3339, 5 , CLASSIFIED ,
Time: 10676, Behaviour: 1, Fault: 1, n/a, 1 , DIAGNOSED ,Time Taken, 12, ELLIGIBLE
Time: 11383, Behaviour: 1, Fault: 5, 98.3383, 5 , CLASSIFIED ,
Time: 13199, Behaviour: 1, Fault: 2, 95.8745, 2 , CLASSIFIED ,
Time: 13842, Behaviour: 1, Fault: 1, 82.6456, 1 , CLASSIFIED ,
Time: 14446, Behaviour: 1, Fault: 5, 99.3339, 5 , CLASSIFIED ,
Time: 15156, Behaviour: 3, Fault: 1, 97.234, 1 , CLASSIFIED ,
Time: 15759, Behaviour: 3, Fault: 3, 93.1958, 3 , CLASSIFIED ,
Time: 16764, Behaviour: 3, Fault: 6, 79.2024, 3 , CLASSIFIED ,
Time: 17366, Behaviour: 3, Fault: 6, 98.9749, 3 , CLASSIFIED ,
Time: 18489, Behaviour: 3, Fault: 4, n/a, 4 , DIAGNOSED ,Time Taken, 180, 
Time: 20869, Behaviour: 3, Fault: 6, 92.2902, 3 , CLASSIFIED ,
Time: 21655, Behaviour: 3, Fault: 1, n/a, 1 , DIAGNOSED ,Time Taken, 12, ELLIGIBLE
Time: 22267, Behaviour: 3, Fault: 3, 88.8313, 3 , CLASSIFIED ,
Time: 22871, Behaviour: 3, Fault: 4, 90.7694, 4 , CLASSIFIED ,
Time: 23472, Behaviour: 3, Fault: 3, 99.486, 3 , CLASSIFIED ,
Time: 24074, Behaviour: 3, Fault: 3, 87.9936, 3 , CLASSIFIED ,
Time: 25254, Behaviour: 1, Fault: 1, n/a, 1 , DIAGNOSED ,Time Taken, 12, ELLIGIBLE
Time: 26057, Behaviour: 1, Fault: 5, 98.6688, 5 , CLASSIFIED ,
Time: 26658, Behaviour: 1, Fault: 6, 99.6581, 3 , CLASSIFIED ,
Time: 27674, Behaviour: 1, Fault: 4, 99.3339, 5 , CLASSIFIED ,
Time: 28375, Behaviour: 1, Fault: 4, 97.0346, 5 , CLASSIFIED ,
Time: 29119, Behaviour: 1, Fault: 4, 99.1679, 5 , CLASSIFIED ,
Time: 29850, Behaviour: 1, Fault: 5, 99.5001, 5 , CLASSIFIED ,
Time: 33808, Behaviour: 2, Fault: 6, 92.3401, 3 , CLASSIFIED ,
Time: 34866, Behaviour: 2, Fault: 6, 69.3864, FAILURE 4, 69.3864, FAILURE 4, 69.3864, FAILURE 4, 69.3864, FAILURE 4, 69.3864, FAILURE 4, 69.3864, FAILURE 4, 69.3864, FAILURE 4, 69.3864, FAILURE 4, 69.3864, FAILURE 4, 69.3864, FAILURE 4, 69.3864, FAILURE 4, 69.3864, FAILURE 4, n/a, 3 , DIAGNOSED ,Time Taken, 969, ELLIGIBLE
Total Faults, 36, Elligible Total, 31, DiagTot, -2, Elligible DiagTot, -7, FailTot, 12, MemoryTot, 26, %Memory,0.83871, %Failure,0.315789
Time: 832, Behaviour: 2, Fault: 1, n/a, 1 , DIAGNOSED ,Time Taken, 12, 
Time: 1998, Behaviour: 2, Fault: 6, n/a, 3 , DIAGNOSED ,Time Taken, 13, 
Time: 3433, Behaviour: 2, Fault: 1, 99.7783, 1 , CLASSIFIED ,
Time: 4035, Behaviour: 2, Fault: 2, n/a, 2 , DIAGNOSED ,Time Taken, 11, 
Time: 4890, Behaviour: 2, Fault: 4, n/a, 4 , DIAGNOSED ,Time Taken, 116, 
Time: 7052, Behaviour: 1, Fault: 1, n/a, 1 , DIAGNOSED ,Time Taken, 12, ELLIGIBLE
Time: 7859, Behaviour: 1, Fault: 6, 78.6859, 3 , CLASSIFIED ,
Time: 8461, Behaviour: 1, Fault: 1, n/a, 1 , DIAGNOSED ,Time Taken, 12, ELLIGIBLE
Time: 9075, Behaviour: 1, Fault: 5, n/a, 5 , DIAGNOSED ,Time Taken, 165, 
Time: 9840, Behaviour: 1, Fault: 2, 83.8664, 2 , CLASSIFIED ,
Time: 10443, Behaviour: 1, Fault: 3, 100, 3 , CLASSIFIED ,
Time: 11470, Behaviour: 1, Fault: 5, 99.1668, 5 , CLASSIFIED ,
Time: 12400, Behaviour: 1, Fault: 1, 84.5154, 1 , CLASSIFIED ,
Time: 13249, Behaviour: 1, Fault: 1, 100, 1 , CLASSIFIED ,
Time: 13895, Behaviour: 1, Fault: 4, 99.6672, 5 , CLASSIFIED ,
Time: 14512, Behaviour: 1, Fault: 4, 96.2928, 4 , CLASSIFIED ,
Time: 15113, Behaviour: 3, Fault: 3, 73.0885, 73.0885, 3 , CLASSIFIED ,
Time: 17506, Behaviour: 3, Fault: 1, 100, 1 , CLASSIFIED ,
Time: 30495, Behaviour: 2, Fault: 1, n/a, 1 , DIAGNOSED ,Time Taken, 12, ELLIGIBLE
Time: 31107, Behaviour: 2, Fault: 3, 83.4795, 83.4795, 3 , CLASSIFIED ,
Total Faults, 20, Elligible Total, 15, DiagTot, 8, Elligible DiagTot, 3, FailTot, 0, MemoryTot, 12, %Memory,0.8, %Failure,0
Time: 664, Behaviour: 2, Fault: 1, n/a, 1 , DIAGNOSED ,Time Taken, 12, 
Time: 1278, Behaviour: 2, Fault: 1, n/a, 1 , DIAGNOSED ,Time Taken, 225, ELLIGIBLE
Time: 2103, Behaviour: 2, Fault: 3, n/a, 3 , DIAGNOSED ,Time Taken, 13, 
Time: 2716, Behaviour: 2, Fault: 3, 72.2122, 3 , CLASSIFIED ,
Time: 3318, Behaviour: 2, Fault: 2, n/a, 2 , DIAGNOSED ,Time Taken, 11, 
Time: 4319, Behaviour: 2, Fault: 6, n/a, 3 , DIAGNOSED ,Time Taken, 13, 
Time: 12462, Behaviour: 1, Fault: 1, 71.6859, 1 , CLASSIFIED ,
Time: 13194, Behaviour: 1, Fault: 6, n/a, 3 , DIAGNOSED ,Time Taken, 292, ELLIGIBLE
Time: 14189, Behaviour: 1, Fault: 6, 98.9784, 3 , CLASSIFIED ,
Time: 14791, Behaviour: 1, Fault: 6, 100, 3 , CLASSIFIED ,
Time: 16234, Behaviour: 3, Fault: 1, n/a, 1 , DIAGNOSED ,Time Taken, 12, ELLIGIBLE
Time: 16846, Behaviour: 3, Fault: 2, 94.5602, 2 , CLASSIFIED ,
Time: 17456, Behaviour: 3, Fault: 2, 87.8003, 2 , CLASSIFIED ,
Time: 18058, Behaviour: 3, Fault: 3, 93.253, 93.253, 3 , CLASSIFIED ,
Time: 26051, Behaviour: 1, Fault: 6, 72.1205, 3 , CLASSIFIED ,
Time: 26930, Behaviour: 1, Fault: 5, n/a, 5 , DIAGNOSED ,Time Taken, 167, 
Time: 27970, Behaviour: 1, Fault: 5, 95.6688, 5 , CLASSIFIED ,
Time: 28729, Behaviour: 1, Fault: 1, 84.5154, 1 , CLASSIFIED ,
Time: 29332, Behaviour: 1, Fault: 3, 100, 100, 3 , CLASSIFIED ,
Time: 29934, Behaviour: 1, Fault: 3, 100, 100, 100, 3 , CLASSIFIED ,
Time: 30896, Behaviour: 2, Fault: 6, 84.5667, 84.5667, 84.5667, 84.5667, 3 , CLASSIFIED ,
Time: 33536, Behaviour: 2, Fault: 1, n/a, 1 , DIAGNOSED ,Time Taken, 16, ELLIGIBLE
Time: 34162, Behaviour: 2, Fault: 4, n/a, 4 , DIAGNOSED ,Time Taken, 79, 
Time: 34841, Behaviour: 2, Fault: 3, 77.3326, 3 , CLASSIFIED ,
Total Faults, 24, Elligible Total, 18, DiagTot, 10, Elligible DiagTot, 4, FailTot, 0, MemoryTot, 14, %Memory,0.777778, %Failure,0
Time: 886, Behaviour: 2, Fault: 1, n/a, 1 , DIAGNOSED ,Time Taken, 32, 
Time: 1518, Behaviour: 2, Fault: 2, n/a, 2 , DIAGNOSED ,Time Taken, 11, 
Time: 2129, Behaviour: 2, Fault: 2, 81.2715, 2 , CLASSIFIED ,
Time: 2731, Behaviour: 2, Fault: 3, n/a, 3 , DIAGNOSED ,Time Taken, 13, 
Time: 3344, Behaviour: 2, Fault: 3, 83.6331, 3 , CLASSIFIED ,
Time: 3946, Behaviour: 2, Fault: 2, 93.0827, 2 , CLASSIFIED ,
Time: 4548, Behaviour: 2, Fault: 3, 95.5091, 3 , CLASSIFIED ,
Time: 5524, Behaviour: 1, Fault: 1, n/a, 1 , DIAGNOSED ,Time Taken, 12, ELLIGIBLE
Time: 6740, Behaviour: 1, Fault: 4, n/a, 4 , DIAGNOSED ,Time Taken, 116, 
Time: 7657, Behaviour: 1, Fault: 3, 86.6067, 3 , CLASSIFIED ,
Time: 8469, Behaviour: 1, Fault: 3, 100, 3 , CLASSIFIED ,
Time: 9073, Behaviour: 1, Fault: 4, n/a, 4 , DIAGNOSED ,Time Taken, 116, ELLIGIBLE
Time: 9857, Behaviour: 1, Fault: 1, 99, 1 , CLASSIFIED ,
Time: 10459, Behaviour: 1, Fault: 3, 100, 100, 3 , CLASSIFIED ,
Time: 11061, Behaviour: 1, Fault: 2, 85.3769, 2 , CLASSIFIED ,
Time: 11705, Behaviour: 1, Fault: 5, 96.8561, 4 , CLASSIFIED ,
Time: 12779, Behaviour: 1, Fault: 6, n/a, 3 , DIAGNOSED ,Time Taken, 13, 
Time: 13913, Behaviour: 1, Fault: 5, 99.6672, 4 , CLASSIFIED ,
Time: 14529, Behaviour: 1, Fault: 1, 71.4286, 71.4286, 71.4286, FAILURE 3, n/a, 1 , DIAGNOSED ,Time Taken, 13, ELLIGIBLE
Time: 15142, Behaviour: 3, Fault: 3, 99.486, 99.486, 99.486, 3 , CLASSIFIED ,
Time: 15998, Behaviour: 3, Fault: 2, 100, 2 , CLASSIFIED ,
Time: 16639, Behaviour: 3, Fault: 1, n/a, 1 , DIAGNOSED ,Time Taken, 12, ELLIGIBLE
Time: 17385, Behaviour: 3, Fault: 6, 67.1992, 3 , CLASSIFIED ,
Time: 18017, Behaviour: 3, Fault: 1, 99.7783, 1 , CLASSIFIED ,
Time: 18626, Behaviour: 3, Fault: 4, 92.104, 4 , CLASSIFIED ,
Time: 19227, Behaviour: 3, Fault: 3, 100, 100, 100, 3 , CLASSIFIED ,
Time: 19986, Behaviour: 3, Fault: 4, 76.4276, 4 , CLASSIFIED ,
Time: 20629, Behaviour: 3, Fault: 4, 86.901, 4 , CLASSIFIED ,
Time: 21230, Behaviour: 3, Fault: 3, 98.8101, 3 , CLASSIFIED ,
Time: 21832, Behaviour: 3, Fault: 2, 69.6723, 69.6723, 2 , CLASSIFIED ,
Time: 22446, Behaviour: 3, Fault: 1, n/a, 1 , DIAGNOSED ,Time Taken, 12, ELLIGIBLE
Time: 23058, Behaviour: 3, Fault: 3, 79.2676, 3 , CLASSIFIED ,
Time: 23679, Behaviour: 3, Fault: 4, 96.1892, 4 , CLASSIFIED ,
Time: 24513, Behaviour: 3, Fault: 1, 99.7783, 1 , CLASSIFIED ,
Time: 25117, Behaviour: 1, Fault: 5, 99.3339, 4 , CLASSIFIED ,
Time: 25842, Behaviour: 1, Fault: 3, 94.2347, 3 , CLASSIFIED ,
Time: 26496, Behaviour: 1, Fault: 2, 100, 2 , CLASSIFIED ,
Time: 27643, Behaviour: 1, Fault: 1, n/a, 1 , DIAGNOSED ,Time Taken, 12, ELLIGIBLE
Time: 28810, Behaviour: 1, Fault: 6, 100, 3 , CLASSIFIED ,
Time: 29662, Behaviour: 1, Fault: 2, 98.9247, 2 , CLASSIFIED ,
Time: 30969, Behaviour: 2, Fault: 4, 94.9668, 4 , CLASSIFIED ,
Time: 31805, Behaviour: 2, Fault: 1, 100, 1 , CLASSIFIED ,
Time: 32407, Behaviour: 2, Fault: 3, 93.1961, 3 , CLASSIFIED ,
Time: 33045, Behaviour: 2, Fault: 2, 88.3599, 2 , CLASSIFIED ,
Time: 33649, Behaviour: 2, Fault: 3, 99.6672, 3 , CLASSIFIED ,
Time: 35925, Behaviour: 3, Fault: 1, 100, 1 , CLASSIFIED ,
Total Faults, 46, Elligible Total, 41, DiagTot, 10, Elligible DiagTot, 5, FailTot, 1, MemoryTot, 35, %Memory,0.853659, %Failure,0.0277778
Time: 941, Behaviour: 2, Fault: 1, n/a, 1 , DIAGNOSED ,Time Taken, 12, 
Time: 1553, Behaviour: 2, Fault: 2, n/a, 2 , DIAGNOSED ,Time Taken, 30, 
Time: 2183, Behaviour: 2, Fault: 2, 92.9398, 2 , CLASSIFIED ,
Time: 3609, Behaviour: 2, Fault: 4, n/a, 4 , DIAGNOSED ,Time Taken, 116, 
Time: 4596, Behaviour: 2, Fault: 1, n/a, 1 , DIAGNOSED ,Time Taken, 12, ELLIGIBLE
Time: 5208, Behaviour: 1, Fault: 6, n/a, 3 , DIAGNOSED ,Time Taken, 13, 
Time: 5946, Behaviour: 1, Fault: 4, n/a, 4 , DIAGNOSED ,Time Taken, 116, ELLIGIBLE
Time: 6678, Behaviour: 1, Fault: 1, 75.6195, 1 , CLASSIFIED ,
Time: 7666, Behaviour: 1, Fault: 5, 98.347, 4 , CLASSIFIED ,
Time: 9042, Behaviour: 1, Fault: 1, 84.5154, 1 , CLASSIFIED ,
Time: 9815, Behaviour: 1, Fault: 6, 100, 3 , CLASSIFIED ,
Time: 10417, Behaviour: 1, Fault: 2, 71.0826, 2 , CLASSIFIED ,
Time: 11108, Behaviour: 1, Fault: 3, 88.0873, 88.0873, 3 , CLASSIFIED ,
Time: 11960, Behaviour: 1, Fault: 6, 100, 100, 3 , CLASSIFIED ,
Time: 12563, Behaviour: 1, Fault: 2, 95.3871, 2 , CLASSIFIED ,
Time: 13503, Behaviour: 1, Fault: 5, 99.6672, 4 , CLASSIFIED ,
Time: 14226, Behaviour: 1, Fault: 4, 99.8335, 4 , CLASSIFIED ,
Time: 15492, Behaviour: 3, Fault: 6, n/a, 3 , DIAGNOSED ,Time Taken, 14, ELLIGIBLE
Time: 16108, Behaviour: 3, Fault: 4, 92.6952, 4 , CLASSIFIED ,
Time: 16710, Behaviour: 3, Fault: 3, 100, 100, 100, 3 , CLASSIFIED ,
Time: 17432, Behaviour: 3, Fault: 4, 84.8821, 4 , CLASSIFIED ,
Time: 18403, Behaviour: 3, Fault: 4, 98.1668, 4 , CLASSIFIED ,
Time: 19274, Behaviour: 3, Fault: 6, n/a, 3 , DIAGNOSED ,Time Taken, 13, ELLIGIBLE
Time: 31477, Behaviour: 2, Fault: 1, n/a, 1 , DIAGNOSED ,Time Taken, 12, ELLIGIBLE
Time: 32089, Behaviour: 2, Fault: 3, 95.3581, 3 , CLASSIFIED ,
Time: 34580, Behaviour: 2, Fault: 1, n/a, 1 , DIAGNOSED ,Time Taken, 12, ELLIGIBLE
Total Faults, 26, Elligible Total, 22, DiagTot, 10, Elligible DiagTot, 6, FailTot, 0, MemoryTot, 16, %Memory,0.727273, %Failure,0
Time: 654, Behaviour: 2, Fault: 1, n/a, 1 , DIAGNOSED ,Time Taken, 13, 
Time: 1267, Behaviour: 2, Fault: 3, n/a, 3 , DIAGNOSED ,Time Taken, 13, 
Time: 4921, Behaviour: 2, Fault: 1, 99.7783, 1 , CLASSIFIED ,
Time: 5696, Behaviour: 1, Fault: 3, 85.7069, 3 , CLASSIFIED ,
Time: 6298, Behaviour: 1, Fault: 2, n/a, 2 , DIAGNOSED ,Time Taken, 12, 
Time: 7017, Behaviour: 1, Fault: 4, 70.8286, FAILURE 3, n/a, 4 , DIAGNOSED ,Time Taken, 116, 
Time: 7735, Behaviour: 1, Fault: 5, 99.8335, 4 , CLASSIFIED ,
Time: 8336, Behaviour: 1, Fault: 3, 89.699, 3 , CLASSIFIED ,
Time: 9111, Behaviour: 1, Fault: 3, 100, 3 , CLASSIFIED ,
Time: 9770, Behaviour: 1, Fault: 5, 97.3469, 4 , CLASSIFIED ,
Time: 11000, Behaviour: 1, Fault: 2, 98.9247, 2 , CLASSIFIED ,
Time: 12254, Behaviour: 1, Fault: 6, 71.9366, 71.9366, 3 , CLASSIFIED ,
Time: 13136, Behaviour: 1, Fault: 6, n/a, 3 , DIAGNOSED ,Time Taken, 28, ELLIGIBLE
Time: 13793, Behaviour: 1, Fault: 5, 98.0087, 4 , CLASSIFIED ,
Time: 14396, Behaviour: 1, Fault: 1, 70.7107, FAILURE 4, n/a, 1 , DIAGNOSED ,Time Taken, 13, ELLIGIBLE
Time: 15260, Behaviour: 3, Fault: 1, 83.666, 1 , CLASSIFIED ,
Time: 15863, Behaviour: 3, Fault: 2, 100, 2 , CLASSIFIED ,
Time: 16466, Behaviour: 3, Fault: 6, 98.6361, 98.6361, 3 , CLASSIFIED ,
Time: 17068, Behaviour: 3, Fault: 2, 100, 100, 2 , CLASSIFIED ,
Time: 17798, Behaviour: 3, Fault: 4, n/a, 4 , DIAGNOSED ,Time Taken, 116, ELLIGIBLE
Time: 18514, Behaviour: 3, Fault: 2, 75.5148, 2 , CLASSIFIED ,
Time: 23141, Behaviour: 3, Fault: 6, 99.3174, 99.3174, 3 , CLASSIFIED ,
Time: 23744, Behaviour: 3, Fault: 3, 99.8288, 99.8288, 3 , CLASSIFIED ,
Time: 24653, Behaviour: 3, Fault: 4, 84.2424, 4 , CLASSIFIED ,
Time: 25807, Behaviour: 1, Fault: 6, 100, 100, 3 , CLASSIFIED ,
Time: 26411, Behaviour: 1, Fault: 5, 97.6714, 4 , CLASSIFIED ,
Time: 27142, Behaviour: 1, Fault: 5, 99.3333, 4 , CLASSIFIED ,
Time: 27743, Behaviour: 1, Fault: 2, 81.3291, 2 , CLASSIFIED ,
Time: 28345, Behaviour: 1, Fault: 3, 100, 3 , CLASSIFIED ,
Time: 28991, Behaviour: 1, Fault: 6, 94.0931, 3 , CLASSIFIED ,
Time: 29595, Behaviour: 1, Fault: 5, 99.1668, 4 , CLASSIFIED ,
Time: 30799, Behaviour: 2, Fault: 6, 80.0251, 3 , CLASSIFIED ,
Time: 31868, Behaviour: 2, Fault: 1, n/a, 1 , DIAGNOSED ,Time Taken, 12, ELLIGIBLE
Time: 32787, Behaviour: 2, Fault: 6, 92.5388, 3 , CLASSIFIED ,
Time: 33389, Behaviour: 2, Fault: 6, 99.3153, 99.3153, 3 , CLASSIFIED ,
Time: 34251, Behaviour: 2, Fault: 6, 97.9589, 3 , CLASSIFIED ,
Time: 34853, Behaviour: 2, Fault: 3, 93.2219, 93.2219, 3 , CLASSIFIED ,
Time: 35455, Behaviour: 3, Fault: 2, 91.3562, 2 , CLASSIFIED ,
Total Faults, 38, Elligible Total, 34, DiagTot, 6, Elligible DiagTot, 2, FailTot, 2, MemoryTot, 30, %Memory,0.882353, %Failure,0.0625
Time: 5600, Behaviour: 1, Fault: 1, n/a, 1 , DIAGNOSED ,Time Taken, 12, 
Time: 6416, Behaviour: 1, Fault: 5, n/a, 5 , DIAGNOSED ,Time Taken, 165, 
Time: 7572, Behaviour: 1, Fault: 6, n/a, 3 , DIAGNOSED ,Time Taken, 14, 
Time: 8186, Behaviour: 1, Fault: 2, n/a, 2 , DIAGNOSED ,Time Taken, 12, 
Time: 8927, Behaviour: 1, Fault: 1, 71.4286, 1 , CLASSIFIED ,
Time: 9728, Behaviour: 1, Fault: 2, 98.3985, 2 , CLASSIFIED ,
Time: 10352, Behaviour: 1, Fault: 1, n/a, 1 , DIAGNOSED ,Time Taken, 12, ELLIGIBLE
Time: 10964, Behaviour: 1, Fault: 2, 99.4681, 2 , CLASSIFIED ,
Time: 11566, Behaviour: 1, Fault: 2, 84.8995, 2 , CLASSIFIED ,
Time: 12170, Behaviour: 1, Fault: 4, 99.3355, 5 , CLASSIFIED ,
Time: 12771, Behaviour: 1, Fault: 2, 100, 2 , CLASSIFIED ,
Time: 13402, Behaviour: 1, Fault: 5, 98.5111, 5 , CLASSIFIED ,
Time: 14052, Behaviour: 1, Fault: 4, 100, 5 , CLASSIFIED ,
Time: 14722, Behaviour: 1, Fault: 5, 97.6802, 97.6802, 5 , CLASSIFIED ,
Time: 15323, Behaviour: 3, Fault: 3, 97.4448, 3 , CLASSIFIED ,
Time: 16112, Behaviour: 3, Fault: 6, 96.5759, 3 , CLASSIFIED ,
Time: 16714, Behaviour: 3, Fault: 2, 100, 100, 2 , CLASSIFIED ,
Time: 17316, Behaviour: 3, Fault: 2, 79.7309, 79.7309, 79.7309, 2 , CLASSIFIED ,
Time: 17918, Behaviour: 3, Fault: 3, 79.3077, 3 , CLASSIFIED ,
Time: 18539, Behaviour: 3, Fault: 2, 100, 100, 100, 2 , CLASSIFIED ,
Time: 19673, Behaviour: 3, Fault: 4, n/a, 4 , DIAGNOSED ,Time Taken, 116, ELLIGIBLE
Time: 20395, Behaviour: 3, Fault: 6, 82.6717, 3 , CLASSIFIED ,
Time: 20997, Behaviour: 3, Fault: 2, 84.8394, 2 , CLASSIFIED ,
Time: 21599, Behaviour: 3, Fault: 2, 93.3976, 2 , CLASSIFIED ,
Time: 22550, Behaviour: 3, Fault: 1, n/a, 1 , DIAGNOSED ,Time Taken, 12, ELLIGIBLE
Time: 23187, Behaviour: 3, Fault: 4, 79.1247, 4 , CLASSIFIED ,
Time: 24633, Behaviour: 3, Fault: 1, 95.9471, 1 , CLASSIFIED ,
Time: 25739, Behaviour: 1, Fault: 6, 73.9849, 3 , CLASSIFIED ,
Time: 26354, Behaviour: 1, Fault: 5, 100, 5 , CLASSIFIED ,
Time: 27539, Behaviour: 1, Fault: 5, 97.4994, 5 , CLASSIFIED ,
Time: 28159, Behaviour: 1, Fault: 4, 99.8335, 99.8335, 5 , CLASSIFIED ,
Time: 28760, Behaviour: 1, Fault: 6, 99.1449, 3 , CLASSIFIED ,
Time: 29410, Behaviour: 1, Fault: 5, 99.3355, 5 , CLASSIFIED ,
Total Faults, 33, Elligible Total, 29, DiagTot, 7, Elligible DiagTot, 3, FailTot, 0, MemoryTot, 26, %Memory,0.896552, %Failure,0
